date,equipe_dom,score_dom,score_ext,equipe_ext,classement_dom,classement_ext
31 octobre 2017 Saison régulière,Boston Celtics,108,94,San Antonio Spurs,#2,#5
31 octobre 2017 Saison régulière,Miami Heat,122,125,Minnesota Timberwolves,#13,#6
31 octobre 2017 Saison régulière,New York Knicks,116,110,Denver Nuggets,#13,#6
31 octobre 2017 Saison régulière,New Orleans Pelicans,99,115,Orlando Magic,#6,#2
31 octobre 2017 Saison régulière,Houston Rockets,107,115,Philadelphia 76ers,#1,#10
31 octobre 2017 Saison régulière,Memphis Grizzlies,99,104,Charlotte Hornets,#2,#8
31 octobre 2017 Saison régulière,Utah Jazz,104,89,Dallas Mavericks,#6,#12
31 octobre 2017 Saison régulière,Portland Trail Blazers,85,99,Toronto Raptors,#4,#10
31 octobre 2017 Saison régulière,LA Clippers,113,141,Golden State Warriors,#6,#2
30 octobre 2017 Saison régulière,Cleveland Cavaliers,95,114,New York Knicks,#7,#15
30 octobre 2017 Saison régulière,Golden State Warriors,107,115,Detroit Pistons,#3,#1
18 octobre 2017 Saison régulière,Cleveland Cavaliers,102,99,Boston Celtics,,
18 octobre 2017 Saison régulière,Golden State Warriors,121,122,Houston Rockets,,
29 octobre 2017 Saison régulière,New Orleans Pelicans,123,101,Cleveland Cavaliers,#8,#3
29 octobre 2017 Saison régulière,Chicago Bulls,69,101,Oklahoma City Thunder,#14,#8
29 octobre 2017 Saison régulière,Miami Heat,90,96,Boston Celtics,#12,#3
29 octobre 2017 Saison régulière,Memphis Grizzlies,103,89,Houston Rockets,#3,#1
29 octobre 2017 Saison régulière,Dallas Mavericks,110,112,Philadelphia 76ers,#8,#12
29 octobre 2017 Saison régulière,Portland Trail Blazers,114,107,Phoenix Suns,#6,#8
29 octobre 2017 Saison régulière,Utah Jazz,96,81,LA Lakers,#8,#8
29 octobre 2017 Saison régulière,LA Clippers,87,95,Detroit Pistons,#6,#5
28 octobre 2017 Saison régulière,Orlando Magic,114,87,San Antonio Spurs,#4,#5
29 octobre 2017 Saison régulière,Atlanta Hawks,106,117,Milwaukee Bucks,#9,#5
29 octobre 2017 Saison régulière,Indiana Pacers,97,94,San Antonio Spurs,#9,#5
29 octobre 2017 Saison régulière,Sacramento Kings,83,110,Washington Wizards,#15,#5
29 octobre 2017 Saison régulière,Brooklyn Nets,111,124,Denver Nuggets,#1,#8
28 octobre 2017 Saison régulière,Charlotte Hornets,93,109,Houston Rockets,#9,#1
28 octobre 2017 Saison régulière,Atlanta Hawks,100,105,Denver Nuggets,#9,#15
28 octobre 2017 Saison régulière,New York Knicks,107,86,Brooklyn Nets,#15,#1
28 octobre 2017 Saison régulière,Minnesota Timberwolves,119,116,Oklahoma City Thunder,#7,#12
29 octobre 2017 Saison régulière,Charlotte Hornets,120,113,Orlando Magic,#9,#1
26 octobre 2017 Saison régulière,Detroit Pistons,122,101,Minnesota Timberwolves,#5,#5
28 octobre 2017 Saison régulière,Golden State Warriors,120,117,Washington Wizards,#3,#7
28 octobre 2017 Saison régulière,LA Lakers,92,101,Toronto Raptors,#12,#9
27 octobre 2017 Saison régulière,Chicago Bulls,91,86,Atlanta Hawks,#14,#13
26 octobre 2017 Saison régulière,Philadelphia 76ers,104,105,Houston Rockets,#10,#1
26 octobre 2017 Saison régulière,Brooklyn Nets,112,107,Cleveland Cavaliers,#5,#1
26 octobre 2017 Saison régulière,Miami Heat,100,117,San Antonio Spurs,#10,#5
27 octobre 2017 Saison régulière,Milwaukee Bucks,89,96,Boston Celtics,#5,#8
27 octobre 2017 Saison régulière,Memphis Grizzlies,96,91,Dallas Mavericks,#5,#9
27 octobre 2017 Saison régulière,Portland Trail Blazers,103,104,LA Clippers,#5,#9
27 octobre 2017 Saison régulière,Sacramento Kings,106,114,New Orleans Pelicans,#13,#13
25 octobre 2017 Saison régulière,Orlando Magic,125,121,Brooklyn Nets,#6,#4
23 octobre 2017 Saison régulière,Oklahoma City Thunder,113,115,Minnesota Timberwolves,#9,#9
26 octobre 2017 Saison régulière,Oklahoma City Thunder,114,96,Indiana Pacers,#13,#5
26 octobre 2017 Saison régulière,Dallas Mavericks,103,94,Memphis Grizzlies,#13,#5
26 octobre 2017 Saison régulière,Phoenix Suns,97,88,Utah Jazz,#9,#5
25 octobre 2017 Saison régulière,Boston Celtics,110,89,New York Knicks,#11,#15
25 octobre 2017 Saison régulière,Minnesota Timberwolves,107,130,Indiana Pacers,#4,#11
25 octobre 2017 Saison régulière,Portland Trail Blazers,103,93,New Orleans Pelicans,#6,#10
25 octobre 2017 Saison régulière,LA Clippers,102,84,Utah Jazz,#10,#6
12 novembre 2017 Saison régulière,New Orleans Pelicans,111,103,LA Clippers,#8,#9
23 octobre 2017 Saison régulière,LA Lakers,112,119,New Orleans Pelicans,#9,#15
26 octobre 2017 Saison régulière,Golden State Warriors,117,112,Toronto Raptors,#3,#10
26 octobre 2017 Saison régulière,LA Lakers,102,99,Washington Wizards,#13,#5
22 octobre 2017 Saison régulière,Toronto Raptors,128,94,Philadelphia 76ers,#11,#11
25 octobre 2017 Saison régulière,Charlotte Hornets,110,93,Denver Nuggets,#11,#10
12 novembre 2017 Saison régulière,Washington Wizards,113,94,Atlanta Hawks,#5,#15
12 novembre 2017 Saison régulière,New York Knicks,118,91,Sacramento Kings,#7,#14
12 novembre 2017 Saison régulière,Houston Rockets,111,96,Memphis Grizzlies,#1,#3
22 octobre 2017 Saison régulière,Chicago Bulls,77,87,San Antonio Spurs,#13,#8
22 octobre 2017 Saison régulière,Cleveland Cavaliers,93,114,Orlando Magic,#1,#5
22 octobre 2017 Saison régulière,Miami Heat,112,108,Indiana Pacers,#13,#5
12 novembre 2017 Saison régulière,Milwaukee Bucks,98,90,LA Lakers,#10,#11
12 novembre 2017 Saison régulière,Golden State Warriors,135,114,Philadelphia 76ers,#2,#6
12 novembre 2017 Saison régulière,Dallas Mavericks,104,111,Cleveland Cavaliers,#15,#12
24 octobre 2017 Saison régulière,Detroit Pistons,86,97,Philadelphia 76ers,#1,#11
22 octobre 2017 Saison régulière,New York Knicks,107,111,Detroit Pistons,#13,#5
22 octobre 2017 Saison régulière,Houston Rockets,107,91,Dallas Mavericks,#1,#8
22 octobre 2017 Saison régulière,Memphis Grizzlies,111,101,Golden State Warriors,#8,#3
12 novembre 2017 Saison régulière,San Antonio Spurs,133,94,Chicago Bulls,#5,#14
12 novembre 2017 Saison régulière,Phoenix Suns,118,110,Minnesota Timberwolves,#13,#3
12 novembre 2017 Saison régulière,Denver Nuggets,125,107,Orlando Magic,#5,#3
12 novembre 2017 Saison régulière,Utah Jazz,114,106,Brooklyn Nets,#10,#11
24 octobre 2017 Saison régulière,Miami Heat,104,93,Atlanta Hawks,#11,#6
24 octobre 2017 Saison régulière,Milwaukee Bucks,103,94,Charlotte Hornets,#5,#11
24 octobre 2017 Saison régulière,Houston Rockets,90,98,Memphis Grizzlies,#1,#6
24 octobre 2017 Saison régulière,Dallas Mavericks,103,133,Golden State Warriors,#13,#4
22 octobre 2017 Saison régulière,Milwaukee Bucks,113,110,Portland Trail Blazers,#5,#1
22 octobre 2017 Saison régulière,Denver Nuggets,96,79,Sacramento Kings,#15,#5
22 octobre 2017 Saison régulière,Utah Jazz,96,87,Oklahoma City Thunder,#5,#8
22 octobre 2017 Saison régulière,LA Clippers,130,88,Phoenix Suns,#8,#8
12 novembre 2017 Saison régulière,Boston Celtics,95,94,Toronto Raptors,#1,#4
12 novembre 2017 Saison régulière,Detroit Pistons,112,103,Miami Heat,#2,#8
24 octobre 2017 Saison régulière,San Antonio Spurs,101,97,Toronto Raptors,#6,#6
24 octobre 2017 Saison régulière,Denver Nuggets,104,109,Washington Wizards,#13,#6
24 octobre 2017 Saison régulière,Phoenix Suns,117,115,Sacramento Kings,#13,#6
24 octobre 2017 Saison régulière,Cleveland Cavaliers,119,112,Chicago Bulls,#1,#14
13 novembre 2017 Saison régulière,Indiana Pacers,95,118,Houston Rockets,#9,#1
22 octobre 2017 Saison régulière,Brooklyn Nets,116,104,Atlanta Hawks,#5,#4
13 novembre 2017 Saison régulière,Oklahoma City Thunder,112,99,Dallas Mavericks,#10,#15
21 octobre 2017 Saison régulière,Indiana Pacers,96,114,Portland Trail Blazers,#5,#5
21 octobre 2017 Saison régulière,Milwaukee Bucks,97,116,Cleveland Cavaliers,#5,#1
21 octobre 2017 Saison régulière,Philadelphia 76ers,92,102,Boston Celtics,#10,#1
21 octobre 2017 Saison régulière,Washington Wizards,115,111,Detroit Pistons,#5,#1
21 octobre 2017 Saison régulière,Charlotte Hornets,109,91,Atlanta Hawks,#10,#1
21 octobre 2017 Saison régulière,Brooklyn Nets,126,121,Orlando Magic,#10,#5
21 octobre 2017 Saison régulière,Minnesota Timberwolves,100,97,Utah Jazz,#8,#5
21 octobre 2017 Saison régulière,Dallas Mavericks,88,93,Sacramento Kings,#8,#8
21 octobre 2017 Saison régulière,New Orleans Pelicans,120,128,Golden State Warriors,#8,#8
21 octobre 2017 Saison régulière,Phoenix Suns,130,132,LA Lakers,#8,#8
20 octobre 2017 Saison régulière,Toronto Raptors,117,100,Chicago Bulls,#13,#13
20 octobre 2017 Saison régulière,Oklahoma City Thunder,105,84,New York Knicks,#13,#13
20 octobre 2017 Saison régulière,LA Lakers,92,108,LA Clippers,#13,#13
11 avril 2018 Saison régulière,Indiana Pacers,,,Charlotte Hornets,,
11 avril 2018 Saison régulière,Atlanta Hawks,,,Philadelphia 76ers,,
11 avril 2018 Saison régulière,Washington Wizards,,,Boston Celtics,,
11 avril 2018 Saison régulière,Dallas Mavericks,,,Phoenix Suns,,
11 avril 2018 Saison régulière,Utah Jazz,,,Golden State Warriors,,
11 avril 2018 Saison régulière,LA Lakers,,,Houston Rockets,,
19 octobre 2017 Saison régulière,Detroit Pistons,102,90,Charlotte Hornets,#5,#5
19 octobre 2017 Saison régulière,Indiana Pacers,140,131,Brooklyn Nets,#5,#3
19 octobre 2017 Saison régulière,Orlando Magic,116,109,Miami Heat,#5,#5
19 octobre 2017 Saison régulière,Washington Wizards,120,115,Philadelphia 76ers,#5,#5
19 octobre 2017 Saison régulière,Boston Celtics,100,108,Milwaukee Bucks,#2,#5
19 octobre 2017 Saison régulière,Memphis Grizzlies,103,91,New Orleans Pelicans,#5,#5
19 octobre 2017 Saison régulière,Dallas Mavericks,111,117,Atlanta Hawks,#3,#3
19 octobre 2017 Saison régulière,Utah Jazz,106,96,Denver Nuggets,#5,#3
19 octobre 2017 Saison régulière,San Antonio Spurs,107,99,Minnesota Timberwolves,#5,#5
19 octobre 2017 Saison régulière,Phoenix Suns,76,124,Portland Trail Blazers,#5,#5
19 octobre 2017 Saison régulière,Sacramento Kings,100,105,Houston Rockets,#5,#1
12 avril 2018 Saison régulière,Chicago Bulls,,,Detroit Pistons,,
12 avril 2018 Saison régulière,New Orleans Pelicans,,,San Antonio Spurs,,
12 avril 2018 Saison régulière,Cleveland Cavaliers,,,New York Knicks,,
12 avril 2018 Saison régulière,Boston Celtics,,,Brooklyn Nets,,
12 avril 2018 Saison régulière,Miami Heat,,,Toronto Raptors,,
12 avril 2018 Saison régulière,Orlando Magic,,,Washington Wizards,,
12 avril 2018 Saison régulière,Philadelphia 76ers,,,Milwaukee Bucks,,
12 avril 2018 Saison régulière,Minnesota Timberwolves,,,Denver Nuggets,,
12 avril 2018 Saison régulière,Oklahoma City Thunder,,,Memphis Grizzlies,,
12 avril 2018 Saison régulière,LA Clippers,,,LA Lakers,,
12 avril 2018 Saison régulière,Portland Trail Blazers,,,Utah Jazz,,
12 avril 2018 Saison régulière,Sacramento Kings,,,Houston Rockets,,
10 avril 2018 Saison régulière,Detroit Pistons,,,Toronto Raptors,,
10 avril 2018 Saison régulière,Miami Heat,,,Oklahoma City Thunder,,
10 avril 2018 Saison régulière,New York Knicks,,,Cleveland Cavaliers,,
10 avril 2018 Saison régulière,Brooklyn Nets,,,Chicago Bulls,,
10 avril 2018 Saison régulière,Milwaukee Bucks,,,Orlando Magic,,
10 avril 2018 Saison régulière,Minnesota Timberwolves,,,Memphis Grizzlies,,
10 avril 2018 Saison régulière,San Antonio Spurs,,,Sacramento Kings,,
10 avril 2018 Saison régulière,Denver Nuggets,,,Portland Trail Blazers,,
10 avril 2018 Saison régulière,LA Clippers,,,New Orleans Pelicans,,
9 avril 2018 Saison régulière,Toronto Raptors,,,Orlando Magic,,
9 avril 2018 Saison régulière,LA Lakers,,,Utah Jazz,,
9 avril 2018 Saison régulière,Boston Celtics,,,Atlanta Hawks,,
9 avril 2018 Saison régulière,Phoenix Suns,,,Golden State Warriors,,
8 avril 2018 Saison régulière,New York Knicks,,,Milwaukee Bucks,,
8 avril 2018 Saison régulière,Chicago Bulls,,,Brooklyn Nets,,
8 avril 2018 Saison régulière,Golden State Warriors,,,New Orleans Pelicans,,
8 avril 2018 Saison régulière,Houston Rockets,,,Oklahoma City Thunder,,
8 avril 2018 Saison régulière,San Antonio Spurs,,,Portland Trail Blazers,,
8 avril 2018 Saison régulière,Philadelphia 76ers,,,Dallas Mavericks,,
8 avril 2018 Saison régulière,Charlotte Hornets,,,Indiana Pacers,,
8 avril 2018 Saison régulière,Memphis Grizzlies,,,Detroit Pistons,,
7 avril 2018 Saison régulière,Detroit Pistons,,,Dallas Mavericks,,
7 avril 2018 Saison régulière,Orlando Magic,,,Charlotte Hornets,,
7 avril 2018 Saison régulière,Philadelphia 76ers,,,Cleveland Cavaliers,,
7 avril 2018 Saison régulière,Washington Wizards,,,Atlanta Hawks,,
7 avril 2018 Saison régulière,Toronto Raptors,,,Indiana Pacers,,
7 avril 2018 Saison régulière,Boston Celtics,,,Chicago Bulls,,
7 avril 2018 Saison régulière,New York Knicks,,,Miami Heat,,
7 avril 2018 Saison régulière,Memphis Grizzlies,,,Sacramento Kings,,
7 avril 2018 Saison régulière,Phoenix Suns,,,New Orleans Pelicans,,
7 avril 2018 Saison régulière,LA Lakers,,,Minnesota Timberwolves,,
7 avril 2018 Saison régulière,LA Clippers,,,Denver Nuggets,,
6 avril 2018 Saison régulière,Indiana Pacers,,,Golden State Warriors,,
6 avril 2018 Saison régulière,Cleveland Cavaliers,,,Washington Wizards,,
6 avril 2018 Saison régulière,Milwaukee Bucks,,,Brooklyn Nets,,
6 avril 2018 Saison régulière,Houston Rockets,,,Portland Trail Blazers,,
6 avril 2018 Saison régulière,Utah Jazz,,,LA Clippers,,
6 avril 2018 Saison régulière,Denver Nuggets,,,Minnesota Timberwolves,,
5 avril 2018 Saison régulière,Detroit Pistons,,,Philadelphia 76ers,,
5 avril 2018 Saison régulière,Toronto Raptors,,,Boston Celtics,,
5 avril 2018 Saison régulière,Orlando Magic,,,Dallas Mavericks,,
5 avril 2018 Saison régulière,Atlanta Hawks,,,Miami Heat,,
5 avril 2018 Saison régulière,New Orleans Pelicans,,,Memphis Grizzlies,,
5 avril 2018 Saison régulière,LA Lakers,,,San Antonio Spurs,,
4 avril 2018 Saison régulière,Cleveland Cavaliers,,,Toronto Raptors,,
4 avril 2018 Saison régulière,Philadelphia 76ers,,,Brooklyn Nets,,
4 avril 2018 Saison régulière,Miami Heat,,,Atlanta Hawks,,
4 avril 2018 Saison régulière,New York Knicks,,,Orlando Magic,,
4 avril 2018 Saison régulière,Chicago Bulls,,,Charlotte Hornets,,
2 avril 2018 Saison régulière,New Orleans Pelicans,,,Oklahoma City Thunder,,
4 avril 2018 Saison régulière,Milwaukee Bucks,,,Boston Celtics,,
4 avril 2018 Saison régulière,Houston Rockets,,,Washington Wizards,,
4 avril 2018 Saison régulière,Oklahoma City Thunder,,,Golden State Warriors,,
2 avril 2018 Saison régulière,Atlanta Hawks,,,Orlando Magic,,
2 avril 2018 Saison régulière,Cleveland Cavaliers,,,Dallas Mavericks,,
2 avril 2018 Saison régulière,Brooklyn Nets,,,Detroit Pistons,,
4 avril 2018 Saison régulière,Dallas Mavericks,,,Portland Trail Blazers,,
4 avril 2018 Saison régulière,Denver Nuggets,,,Indiana Pacers,,
4 avril 2018 Saison régulière,Utah Jazz,,,LA Lakers,,
4 avril 2018 Saison régulière,Phoenix Suns,,,Sacramento Kings,,
4 avril 2018 Saison régulière,LA Clippers,,,San Antonio Spurs,,
2 avril 2018 Saison régulière,Minnesota Timberwolves,,,Utah Jazz,,
2 avril 2018 Saison régulière,Denver Nuggets,,,Milwaukee Bucks,,
2 avril 2018 Saison régulière,Golden State Warriors,,,Phoenix Suns,,
2 avril 2018 Saison régulière,Portland Trail Blazers,,,Memphis Grizzlies,,
2 avril 2018 Saison régulière,LA Lakers,,,Sacramento Kings,,
31 mars 2018 Saison régulière,Orlando Magic,,,Chicago Bulls,,
31 mars 2018 Saison régulière,Atlanta Hawks,,,Philadelphia 76ers,,
31 mars 2018 Saison régulière,Cleveland Cavaliers,,,New Orleans Pelicans,,
31 mars 2018 Saison régulière,Houston Rockets,,,Phoenix Suns,,
31 mars 2018 Saison régulière,Oklahoma City Thunder,,,Denver Nuggets,,
1 avril 2018 Saison régulière,Boston Celtics,,,Toronto Raptors,,
31 mars 2018 Saison régulière,Dallas Mavericks,,,Minnesota Timberwolves,,
31 mars 2018 Saison régulière,Utah Jazz,,,Memphis Grizzlies,,
31 mars 2018 Saison régulière,LA Lakers,,,Milwaukee Bucks,,
31 mars 2018 Saison régulière,Portland Trail Blazers,,,LA Clippers,,
1 avril 2018 Saison régulière,Miami Heat,,,Brooklyn Nets,,
1 avril 2018 Saison régulière,Sacramento Kings,,,Golden State Warriors,,
1 avril 2018 Saison régulière,Charlotte Hornets,,,Philadelphia 76ers,,
1 avril 2018 Saison régulière,Chicago Bulls,,,Washington Wizards,,
1 avril 2018 Saison régulière,LA Clippers,,,Indiana Pacers,,
31 mars 2018 Saison régulière,Washington Wizards,,,Charlotte Hornets,,
31 mars 2018 Saison régulière,New York Knicks,,,Detroit Pistons,,
1 avril 2018 Saison régulière,San Antonio Spurs,,,Houston Rockets,,
30 mars 2018 Saison régulière,Detroit Pistons,,,Washington Wizards,,
30 mars 2018 Saison régulière,Miami Heat,,,Chicago Bulls,,
30 mars 2018 Saison régulière,San Antonio Spurs,,,Oklahoma City Thunder,,
30 mars 2018 Saison régulière,Sacramento Kings,,,Indiana Pacers,,
30 mars 2018 Saison régulière,Golden State Warriors,,,Milwaukee Bucks,,
29 mars 2018 Saison régulière,Orlando Magic,,,Brooklyn Nets,,
29 mars 2018 Saison régulière,Philadelphia 76ers,,,New York Knicks,,
29 mars 2018 Saison régulière,Charlotte Hornets,,,Cleveland Cavaliers,,
29 mars 2018 Saison régulière,Minnesota Timberwolves,,,Atlanta Hawks,,
29 mars 2018 Saison régulière,Memphis Grizzlies,,,Portland Trail Blazers,,
29 mars 2018 Saison régulière,Utah Jazz,,,Boston Celtics,,
29 mars 2018 Saison régulière,Phoenix Suns,,,LA Clippers,,
29 mars 2018 Saison régulière,LA Lakers,,,Dallas Mavericks,,
28 mars 2018 Saison régulière,Washington Wizards,,,San Antonio Spurs,,
28 mars 2018 Saison régulière,Toronto Raptors,,,Denver Nuggets,,
28 mars 2018 Saison régulière,New Orleans Pelicans,,,Portland Trail Blazers,,
28 mars 2018 Saison régulière,Miami Heat,,,Cleveland Cavaliers,,
28 mars 2018 Saison régulière,Houston Rockets,,,Chicago Bulls,,
28 mars 2018 Saison régulière,Sacramento Kings,,,Dallas Mavericks,,
28 mars 2018 Saison régulière,Golden State Warriors,,,Indiana Pacers,,
28 mars 2018 Saison régulière,LA Clippers,,,Milwaukee Bucks,,
27 mars 2018 Saison régulière,Detroit Pistons,,,LA Lakers,,
27 mars 2018 Saison régulière,Philadelphia 76ers,,,Denver Nuggets,,
27 mars 2018 Saison régulière,Charlotte Hornets,,,New York Knicks,,
27 mars 2018 Saison régulière,Minnesota Timberwolves,,,Memphis Grizzlies,,
27 mars 2018 Saison régulière,Phoenix Suns,,,Boston Celtics,,
26 mars 2018 Saison régulière,Toronto Raptors,,,LA Clippers,,
26 mars 2018 Saison régulière,Sacramento Kings,,,Boston Celtics,,
26 mars 2018 Saison régulière,Washington Wizards,,,New York Knicks,,
26 mars 2018 Saison régulière,Oklahoma City Thunder,,,Portland Trail Blazers,,
26 mars 2018 Saison régulière,Houston Rockets,,,Atlanta Hawks,,
26 mars 2018 Saison régulière,Golden State Warriors,,,Utah Jazz,,
24 mars 2018 Saison régulière,Indiana Pacers,,,LA Clippers,,
24 mars 2018 Saison régulière,Washington Wizards,,,Denver Nuggets,,
24 mars 2018 Saison régulière,Cleveland Cavaliers,,,Phoenix Suns,,
24 mars 2018 Saison régulière,Toronto Raptors,,,Brooklyn Nets,,
24 mars 2018 Saison régulière,New York Knicks,,,Minnesota Timberwolves,,
24 mars 2018 Saison régulière,Chicago Bulls,,,Milwaukee Bucks,,
24 mars 2018 Saison régulière,Oklahoma City Thunder,,,Miami Heat,,
24 mars 2018 Saison régulière,San Antonio Spurs,,,Utah Jazz,,
24 mars 2018 Saison régulière,Portland Trail Blazers,,,Boston Celtics,,
24 mars 2018 Saison régulière,Golden State Warriors,,,Atlanta Hawks,,
24 mars 2018 Saison régulière,Philadelphia 76ers,,,Minnesota Timberwolves,,
23 mars 2018 Saison régulière,Orlando Magic,,,Philadelphia 76ers,,
23 mars 2018 Saison régulière,Charlotte Hornets,,,Memphis Grizzlies,,
23 mars 2018 Saison régulière,New Orleans Pelicans,,,LA Lakers,,
23 mars 2018 Saison régulière,Houston Rockets,,,Detroit Pistons,,
23 mars 2018 Saison régulière,Dallas Mavericks,,,Utah Jazz,,
23 mars 2018 Saison régulière,Sacramento Kings,,,Atlanta Hawks,,
25 mars 2018 Saison régulière,Detroit Pistons,,,Chicago Bulls,,
25 mars 2018 Saison régulière,Orlando Magic,,,Phoenix Suns,,
25 mars 2018 Saison régulière,Houston Rockets,,,New Orleans Pelicans,,
25 mars 2018 Saison régulière,Memphis Grizzlies,,,LA Lakers,,
25 mars 2018 Saison régulière,Dallas Mavericks,,,Charlotte Hornets,,
25 mars 2018 Saison régulière,Brooklyn Nets,,,Cleveland Cavaliers,,
25 mars 2018 Saison régulière,Milwaukee Bucks,,,San Antonio Spurs,,
25 mars 2018 Saison régulière,Indiana Pacers,,,Miami Heat,,
22 mars 2018 Saison régulière,Cleveland Cavaliers,,,Toronto Raptors,,
22 mars 2018 Saison régulière,Philadelphia 76ers,,,Memphis Grizzlies,,
22 mars 2018 Saison régulière,Miami Heat,,,New York Knicks,,
22 mars 2018 Saison régulière,Brooklyn Nets,,,Charlotte Hornets,,
22 mars 2018 Saison régulière,Chicago Bulls,,,Denver Nuggets,,
22 mars 2018 Saison régulière,Milwaukee Bucks,,,LA Clippers,,
22 mars 2018 Saison régulière,San Antonio Spurs,,,Washington Wizards,,
21 mars 2018 Saison régulière,Orlando Magic,,,Toronto Raptors,,
21 mars 2018 Saison régulière,New Orleans Pelicans,,,Dallas Mavericks,,
21 mars 2018 Saison régulière,Boston Celtics,,,Oklahoma City Thunder,,
21 mars 2018 Saison régulière,Minnesota Timberwolves,,,LA Clippers,,
21 mars 2018 Saison régulière,Utah Jazz,,,Atlanta Hawks,,
21 mars 2018 Saison régulière,Phoenix Suns,,,Detroit Pistons,,
21 mars 2018 Saison régulière,Portland Trail Blazers,,,Houston Rockets,,
20 mars 2018 Saison régulière,Cleveland Cavaliers,,,Milwaukee Bucks,,
20 mars 2018 Saison régulière,Indiana Pacers,,,LA Lakers,,
20 mars 2018 Saison régulière,Philadelphia 76ers,,,Charlotte Hornets,,
20 mars 2018 Saison régulière,Miami Heat,,,Denver Nuggets,,
20 mars 2018 Saison régulière,New York Knicks,,,Chicago Bulls,,
20 mars 2018 Saison régulière,Brooklyn Nets,,,Memphis Grizzlies,,
20 mars 2018 Saison régulière,San Antonio Spurs,,,Golden State Warriors,,
20 mars 2018 Saison régulière,Sacramento Kings,,,Detroit Pistons,,
19 mars 2018 Saison régulière,Minnesota Timberwolves,,,Houston Rockets,,
19 mars 2018 Saison régulière,LA Clippers,,,Portland Trail Blazers,,
18 mars 2018 Saison régulière,New Orleans Pelicans,,,Houston Rockets,,
18 mars 2018 Saison régulière,Washington Wizards,,,Indiana Pacers,,
18 mars 2018 Saison régulière,New York Knicks,,,Charlotte Hornets,,
18 mars 2018 Saison régulière,Brooklyn Nets,,,Dallas Mavericks,,
18 mars 2018 Saison régulière,Chicago Bulls,,,Cleveland Cavaliers,,
18 mars 2018 Saison régulière,Memphis Grizzlies,,,Denver Nuggets,,
18 mars 2018 Saison régulière,Milwaukee Bucks,,,Atlanta Hawks,,
18 mars 2018 Saison régulière,San Antonio Spurs,,,Minnesota Timberwolves,,
18 mars 2018 Saison régulière,Utah Jazz,,,Sacramento Kings,,
18 mars 2018 Saison régulière,Phoenix Suns,,,Golden State Warriors,,
18 mars 2018 Saison régulière,Portland Trail Blazers,,,Detroit Pistons,,
18 mars 2018 Saison régulière,Toronto Raptors,,,Oklahoma City Thunder,,
18 mars 2018 Saison régulière,New Orleans Pelicans,,,Boston Celtics,,
17 mars 2018 Saison régulière,Orlando Magic,,,Boston Celtics,,
17 mars 2018 Saison régulière,Philadelphia 76ers,,,Brooklyn Nets,,
17 mars 2018 Saison régulière,Toronto Raptors,,,Dallas Mavericks,,
17 mars 2018 Saison régulière,Oklahoma City Thunder,,,LA Clippers,,
17 mars 2018 Saison régulière,Golden State Warriors,,,Sacramento Kings,,
17 mars 2018 Saison régulière,LA Lakers,,,Miami Heat,,
16 mars 2018 Saison régulière,Indiana Pacers,,,Toronto Raptors,,
16 mars 2018 Saison régulière,Atlanta Hawks,,,Charlotte Hornets,,
16 mars 2018 Saison régulière,New York Knicks,,,Philadelphia 76ers,,
16 mars 2018 Saison régulière,Houston Rockets,,,LA Clippers,,
16 mars 2018 Saison régulière,Memphis Grizzlies,,,Chicago Bulls,,
16 mars 2018 Saison régulière,San Antonio Spurs,,,New Orleans Pelicans,,
16 mars 2018 Saison régulière,Denver Nuggets,,,Detroit Pistons,,
16 mars 2018 Saison régulière,Utah Jazz,,,Phoenix Suns,,
16 mars 2018 Saison régulière,Portland Trail Blazers,,,Cleveland Cavaliers,,
15 mars 2018 Saison régulière,Orlando Magic,,,Milwaukee Bucks,,
15 mars 2018 Saison régulière,Boston Celtics,,,Washington Wizards,,
15 mars 2018 Saison régulière,Sacramento Kings,,,Miami Heat,,
15 mars 2018 Saison régulière,Golden State Warriors,,,LA Lakers,,
13 mars 2018 Saison régulière,Houston Rockets,,,San Antonio Spurs,,
13 mars 2018 Saison régulière,Memphis Grizzlies,,,Milwaukee Bucks,,
13 mars 2018 Saison régulière,Oklahoma City Thunder,,,Sacramento Kings,,
13 mars 2018 Saison régulière,Portland Trail Blazers,,,Miami Heat,,
14 mars 2018 Saison régulière,Philadelphia 76ers,,,Indiana Pacers,,
14 mars 2018 Saison régulière,Washington Wizards,,,Minnesota Timberwolves,,
14 mars 2018 Saison régulière,Atlanta Hawks,,,Oklahoma City Thunder,,
14 mars 2018 Saison régulière,New York Knicks,,,Dallas Mavericks,,
14 mars 2018 Saison régulière,Brooklyn Nets,,,Toronto Raptors,,
10 mars 2018 Saison régulière,Detroit Pistons,,,Chicago Bulls,,
14 mars 2018 Saison régulière,Chicago Bulls,,,LA Clippers,,
14 mars 2018 Saison régulière,New Orleans Pelicans,,,Charlotte Hornets,,
14 mars 2018 Saison régulière,San Antonio Spurs,,,Orlando Magic,,
14 mars 2018 Saison régulière,Utah Jazz,,,Detroit Pistons,,
10 mars 2018 Saison régulière,Indiana Pacers,,,Atlanta Hawks,,
10 mars 2018 Saison régulière,Toronto Raptors,,,Houston Rockets,,
10 mars 2018 Saison régulière,New Orleans Pelicans,,,Washington Wizards,,
10 mars 2018 Saison régulière,Milwaukee Bucks,,,New York Knicks,,
14 mars 2018 Saison régulière,Phoenix Suns,,,Cleveland Cavaliers,,
14 mars 2018 Saison régulière,LA Lakers,,,Denver Nuggets,,
11 mars 2018 Saison régulière,Miami Heat,,,Washington Wizards,,
10 mars 2018 Saison régulière,Memphis Grizzlies,,,Utah Jazz,,
10 mars 2018 Saison régulière,Denver Nuggets,,,LA Lakers,,
10 mars 2018 Saison régulière,Portland Trail Blazers,,,Golden State Warriors,,
10 mars 2018 Saison régulière,Sacramento Kings,,,Orlando Magic,,
11 mars 2018 Saison régulière,Dallas Mavericks,,,Memphis Grizzlies,,
11 mars 2018 Saison régulière,Oklahoma City Thunder,,,San Antonio Spurs,,
11 mars 2018 Saison régulière,LA Clippers,,,Orlando Magic,,
11 mars 2018 Saison régulière,New York Knicks,,,Toronto Raptors,,
10 mars 2018 Saison régulière,LA Clippers,,,Cleveland Cavaliers,,
10 mars 2018 Saison régulière,Charlotte Hornets,,,Phoenix Suns,,
12 mars 2018 Saison régulière,Dallas Mavericks,,,Houston Rockets,,
9 mars 2018 Saison régulière,Charlotte Hornets,,,Brooklyn Nets,,
11 mars 2018 Saison régulière,Atlanta Hawks,,,Chicago Bulls,,
11 mars 2018 Saison régulière,Minnesota Timberwolves,,,Golden State Warriors,,
11 mars 2018 Saison régulière,New Orleans Pelicans,,,Utah Jazz,,
11 mars 2018 Saison régulière,Denver Nuggets,,,Sacramento Kings,,
12 mars 2018 Saison régulière,Boston Celtics,,,Indiana Pacers,,
12 mars 2018 Saison régulière,Brooklyn Nets,,,Philadelphia 76ers,,
12 mars 2018 Saison régulière,LA Lakers,,,Cleveland Cavaliers,,
9 mars 2018 Saison régulière,Miami Heat,,,Philadelphia 76ers,,
9 mars 2018 Saison régulière,Minnesota Timberwolves,,,Boston Celtics,,
9 mars 2018 Saison régulière,Oklahoma City Thunder,,,Phoenix Suns,,
9 mars 2018 Saison régulière,Golden State Warriors,,,San Antonio Spurs,,
8 mars 2018 Saison régulière,Indiana Pacers,,,Utah Jazz,,
8 mars 2018 Saison régulière,Chicago Bulls,,,Memphis Grizzlies,,
8 mars 2018 Saison régulière,Detroit Pistons,,,Toronto Raptors,,
8 mars 2018 Saison régulière,Milwaukee Bucks,,,Houston Rockets,,
8 mars 2018 Saison régulière,Sacramento Kings,,,New Orleans Pelicans,,
8 mars 2018 Saison régulière,LA Lakers,,,Orlando Magic,,
8 mars 2018 Saison régulière,Denver Nuggets,,,Cleveland Cavaliers,,
7 mars 2018 Saison régulière,Toronto Raptors,,,Atlanta Hawks,,
7 mars 2018 Saison régulière,Washington Wizards,,,Miami Heat,,
7 mars 2018 Saison régulière,Charlotte Hornets,,,Philadelphia 76ers,,
7 mars 2018 Saison régulière,Oklahoma City Thunder,,,Houston Rockets,,
7 mars 2018 Saison régulière,Dallas Mavericks,,,Denver Nuggets,,
7 mars 2018 Saison régulière,Portland Trail Blazers,,,New York Knicks,,
7 mars 2018 Saison régulière,Golden State Warriors,,,Brooklyn Nets,,
7 mars 2018 Saison régulière,LA Clippers,,,New Orleans Pelicans,,
6 mars 2018 Saison régulière,Cleveland Cavaliers,,,Detroit Pistons,,
6 mars 2018 Saison régulière,Indiana Pacers,,,Milwaukee Bucks,,
6 mars 2018 Saison régulière,Miami Heat,,,Phoenix Suns,,
6 mars 2018 Saison régulière,Chicago Bulls,,,Boston Celtics,,
6 mars 2018 Saison régulière,San Antonio Spurs,,,Memphis Grizzlies,,
6 mars 2018 Saison régulière,Utah Jazz,,,Orlando Magic,,
6 mars 2018 Saison régulière,LA Lakers,,,Portland Trail Blazers,,
4 mars 2018 Saison régulière,Orlando Magic,,,Memphis Grizzlies,,
4 mars 2018 Saison régulière,Cleveland Cavaliers,,,Denver Nuggets,,
4 mars 2018 Saison régulière,Miami Heat,,,Detroit Pistons,,
4 mars 2018 Saison régulière,Houston Rockets,,,Boston Celtics,,
4 mars 2018 Saison régulière,San Antonio Spurs,,,LA Lakers,,
4 mars 2018 Saison régulière,Portland Trail Blazers,,,Oklahoma City Thunder,,
4 mars 2018 Saison régulière,Sacramento Kings,,,Utah Jazz,,
4 mars 2018 Saison régulière,Atlanta Hawks,,,Phoenix Suns,,
5 mars 2018 Saison régulière,Toronto Raptors,,,Charlotte Hornets,,
5 mars 2018 Saison régulière,Washington Wizards,,,Indiana Pacers,,
5 mars 2018 Saison régulière,Dallas Mavericks,,,New Orleans Pelicans,,
5 mars 2018 Saison régulière,Milwaukee Bucks,,,Philadelphia 76ers,,
5 mars 2018 Saison régulière,LA Clippers,,,Brooklyn Nets,,
5 mars 2018 Saison régulière,Sacramento Kings,,,New York Knicks,,
3 mars 2018 Saison régulière,Orlando Magic,,,Detroit Pistons,,
3 mars 2018 Saison régulière,Philadelphia 76ers,,,Charlotte Hornets,,
3 mars 2018 Saison régulière,Atlanta Hawks,,,Golden State Warriors,,
3 mars 2018 Saison régulière,Chicago Bulls,,,Dallas Mavericks,,
3 mars 2018 Saison régulière,Milwaukee Bucks,,,Indiana Pacers,,
3 mars 2018 Saison régulière,Washington Wizards,,,Toronto Raptors,,
3 mars 2018 Saison régulière,Memphis Grizzlies,,,Denver Nuggets,,
3 mars 2018 Saison régulière,Phoenix Suns,,,Oklahoma City Thunder,,
3 mars 2018 Saison régulière,LA Clippers,,,New York Knicks,,
3 mars 2018 Saison régulière,Utah Jazz,,,Minnesota Timberwolves,,
2 mars 2018 Saison régulière,Miami Heat,,,LA Lakers,,
2 mars 2018 Saison régulière,Cleveland Cavaliers,,,Philadelphia 76ers,,
2 mars 2018 Saison régulière,Sacramento Kings,,,Brooklyn Nets,,
2 mars 2018 Saison régulière,Portland Trail Blazers,,,Minnesota Timberwolves,,
1 mars 2018 Saison régulière,Detroit Pistons,,,Milwaukee Bucks,,
1 mars 2018 Saison régulière,Orlando Magic,,,Toronto Raptors,,
1 mars 2018 Saison régulière,Atlanta Hawks,,,Indiana Pacers,,
1 mars 2018 Saison régulière,Boston Celtics,,,Charlotte Hornets,,
1 mars 2018 Saison régulière,Washington Wizards,,,Golden State Warriors,,
1 mars 2018 Saison régulière,Memphis Grizzlies,,,Phoenix Suns,,
1 mars 2018 Saison régulière,Dallas Mavericks,,,Oklahoma City Thunder,,
1 mars 2018 Saison régulière,San Antonio Spurs,,,New Orleans Pelicans,,
1 mars 2018 Saison régulière,LA Clippers,,,Houston Rockets,,
28 février 2018 Saison régulière,Cleveland Cavaliers,,,Brooklyn Nets,,
28 février 2018 Saison régulière,Charlotte Hornets,,,Chicago Bulls,,
28 février 2018 Saison régulière,Miami Heat,,,Philadelphia 76ers,,
28 février 2018 Saison régulière,Milwaukee Bucks,,,Washington Wizards,,
28 février 2018 Saison régulière,Portland Trail Blazers,,,Sacramento Kings,,
28 février 2018 Saison régulière,Denver Nuggets,,,LA Clippers,,
27 février 2018 Saison régulière,Atlanta Hawks,,,LA Lakers,,
27 février 2018 Saison régulière,Toronto Raptors,,,Detroit Pistons,,
27 février 2018 Saison régulière,Boston Celtics,,,Memphis Grizzlies,,
27 février 2018 Saison régulière,New York Knicks,,,Golden State Warriors,,
27 février 2018 Saison régulière,Brooklyn Nets,,,Chicago Bulls,,
26 février 2018 Saison régulière,Washington Wizards,,,Philadelphia 76ers,,
27 février 2018 Saison régulière,New Orleans Pelicans,,,Phoenix Suns,,
27 février 2018 Saison régulière,Oklahoma City Thunder,,,Orlando Magic,,
27 février 2018 Saison régulière,Dallas Mavericks,,,Indiana Pacers,,
26 février 2018 Saison régulière,Denver Nuggets,,,Houston Rockets,,
27 février 2018 Saison régulière,Utah Jazz,,,Houston Rockets,,
27 février 2018 Saison régulière,Sacramento Kings,,,Minnesota Timberwolves,,
23 février 2018 Saison régulière,Orlando Magic,,,New York Knicks,,
23 février 2018 Saison régulière,Charlotte Hornets,,,Brooklyn Nets,,
23 février 2018 Saison régulière,Chicago Bulls,,,Philadelphia 76ers,,
23 février 2018 Saison régulière,Cleveland Cavaliers,,,Washington Wizards,,
23 février 2018 Saison régulière,Sacramento Kings,,,Oklahoma City Thunder,,
23 février 2018 Saison régulière,Golden State Warriors,,,LA Clippers,,
15 février 2018 Saison régulière,Detroit Pistons,,,Atlanta Hawks,,
15 février 2018 Saison régulière,Orlando Magic,,,Charlotte Hornets,,
15 février 2018 Saison régulière,Philadelphia 76ers,,,Miami Heat,,
15 février 2018 Saison régulière,New York Knicks,,,Washington Wizards,,
15 février 2018 Saison régulière,Brooklyn Nets,,,Indiana Pacers,,
15 février 2018 Saison régulière,Chicago Bulls,,,Toronto Raptors,,
15 février 2018 Saison régulière,New Orleans Pelicans,,,LA Lakers,,
15 février 2018 Saison régulière,Boston Celtics,,,LA Clippers,,
15 février 2018 Saison régulière,Houston Rockets,,,Sacramento Kings,,
15 février 2018 Saison régulière,Memphis Grizzlies,,,Oklahoma City Thunder,,
15 février 2018 Saison régulière,Utah Jazz,,,Phoenix Suns,,
15 février 2018 Saison régulière,Portland Trail Blazers,,,Golden State Warriors,,
25 février 2018 Saison régulière,Miami Heat,,,Memphis Grizzlies,,
24 février 2018 Saison régulière,Detroit Pistons,,,Boston Celtics,,
25 février 2018 Saison régulière,New York Knicks,,,Boston Celtics,,
25 février 2018 Saison régulière,Golden State Warriors,,,Oklahoma City Thunder,,
25 février 2018 Saison régulière,Phoenix Suns,,,Portland Trail Blazers,,
25 février 2018 Saison régulière,Minnesota Timberwolves,,,Chicago Bulls,,
24 février 2018 Saison régulière,Indiana Pacers,,,Atlanta Hawks,,
24 février 2018 Saison régulière,Washington Wizards,,,Charlotte Hornets,,
24 février 2018 Saison régulière,Toronto Raptors,,,Milwaukee Bucks,,
24 février 2018 Saison régulière,New Orleans Pelicans,,,Miami Heat,,
25 février 2018 Saison régulière,Utah Jazz,,,Dallas Mavericks,,
25 février 2018 Saison régulière,Sacramento Kings,,,LA Lakers,,
25 février 2018 Saison régulière,Charlotte Hornets,,,Detroit Pistons,,
25 février 2018 Saison régulière,Milwaukee Bucks,,,New Orleans Pelicans,,
24 février 2018 Saison régulière,Houston Rockets,,,Minnesota Timberwolves,,
24 février 2018 Saison régulière,Memphis Grizzlies,,,Cleveland Cavaliers,,
24 février 2018 Saison régulière,Phoenix Suns,,,LA Clippers,,
24 février 2018 Saison régulière,Denver Nuggets,,,San Antonio Spurs,,
25 février 2018 Saison régulière,Cleveland Cavaliers,,,San Antonio Spurs,,
24 février 2018 Saison régulière,Utah Jazz,,,Portland Trail Blazers,,
24 février 2018 Saison régulière,LA Lakers,,,Dallas Mavericks,,
24 février 2018 Saison régulière,Philadelphia 76ers,,,Orlando Magic,,
16 février 2018 Saison régulière,Milwaukee Bucks,,,Denver Nuggets,,
16 février 2018 Saison régulière,Minnesota Timberwolves,,,LA Lakers,,
14 février 2018 Saison régulière,Toronto Raptors,,,Miami Heat,,
14 février 2018 Saison régulière,Milwaukee Bucks,,,Atlanta Hawks,,
14 février 2018 Saison régulière,Minnesota Timberwolves,,,Houston Rockets,,
14 février 2018 Saison régulière,Oklahoma City Thunder,,,Cleveland Cavaliers,,
14 février 2018 Saison régulière,Dallas Mavericks,,,Sacramento Kings,,
14 février 2018 Saison régulière,Denver Nuggets,,,San Antonio Spurs,,
13 février 2018 Saison régulière,Detroit Pistons,,,New Orleans Pelicans,,
13 février 2018 Saison régulière,Philadelphia 76ers,,,New York Knicks,,
13 février 2018 Saison régulière,Brooklyn Nets,,,LA Clippers,,
13 février 2018 Saison régulière,Chicago Bulls,,,Orlando Magic,,
13 février 2018 Saison régulière,Utah Jazz,,,San Antonio Spurs,,
13 février 2018 Saison régulière,Golden State Warriors,,,Phoenix Suns,,
12 février 2018 Saison régulière,Houston Rockets,,,Dallas Mavericks,,
12 février 2018 Saison régulière,Minnesota Timberwolves,,,Sacramento Kings,,
12 février 2018 Saison régulière,Oklahoma City Thunder,,,Memphis Grizzlies,,
12 février 2018 Saison régulière,Portland Trail Blazers,,,Utah Jazz,,
11 février 2018 Saison régulière,Brooklyn Nets,,,New Orleans Pelicans,,
11 février 2018 Saison régulière,Orlando Magic,,,Milwaukee Bucks,,
11 février 2018 Saison régulière,Philadelphia 76ers,,,LA Clippers,,
11 février 2018 Saison régulière,Chicago Bulls,,,Washington Wizards,,
11 février 2018 Saison régulière,Golden State Warriors,,,San Antonio Spurs,,
11 février 2018 Saison régulière,Dallas Mavericks,,,LA Lakers,,
11 février 2018 Saison régulière,Phoenix Suns,,,Denver Nuggets,,
11 février 2018 Saison régulière,Charlotte Hornets,,,Toronto Raptors,,
11 février 2018 Saison régulière,Atlanta Hawks,,,Detroit Pistons,,
8 février 2018 Saison régulière,Detroit Pistons,,,Brooklyn Nets,,
11 février 2018 Saison régulière,Boston Celtics,,,Cleveland Cavaliers,,
11 février 2018 Saison régulière,Indiana Pacers,,,New York Knicks,,
8 février 2018 Saison régulière,Miami Heat,,,Houston Rockets,,
8 février 2018 Saison régulière,New Orleans Pelicans,,,Indiana Pacers,,
8 février 2018 Saison régulière,Cleveland Cavaliers,,,Minnesota Timberwolves,,
10 février 2018 Saison régulière,Detroit Pistons,,,LA Clippers,,
8 février 2018 Saison régulière,Memphis Grizzlies,,,Utah Jazz,,
8 février 2018 Saison régulière,Phoenix Suns,,,San Antonio Spurs,,
10 février 2018 Saison régulière,Philadelphia 76ers,,,New Orleans Pelicans,,
10 février 2018 Saison régulière,Atlanta Hawks,,,Cleveland Cavaliers,,
10 février 2018 Saison régulière,Boston Celtics,,,Indiana Pacers,,
10 février 2018 Saison régulière,Chicago Bulls,,,Minnesota Timberwolves,,
9 février 2018 Saison régulière,Orlando Magic,,,Atlanta Hawks,,
10 février 2018 Saison régulière,Miami Heat,,,Milwaukee Bucks,,
10 février 2018 Saison régulière,Houston Rockets,,,Denver Nuggets,,
10 février 2018 Saison régulière,Utah Jazz,,,Charlotte Hornets,,
10 février 2018 Saison régulière,Sacramento Kings,,,Portland Trail Blazers,,
9 février 2018 Saison régulière,Toronto Raptors,,,New York Knicks,,
9 février 2018 Saison régulière,Washington Wizards,,,Boston Celtics,,
9 février 2018 Saison régulière,Portland Trail Blazers,,,Charlotte Hornets,,
9 février 2018 Saison régulière,Golden State Warriors,,,Dallas Mavericks,,
7 février 2018 Saison régulière,Orlando Magic,,,Cleveland Cavaliers,,
9 février 2018 Saison régulière,LA Lakers,,,Oklahoma City Thunder,,
7 février 2018 Saison régulière,Atlanta Hawks,,,Memphis Grizzlies,,
7 février 2018 Saison régulière,Toronto Raptors,,,Boston Celtics,,
7 février 2018 Saison régulière,New York Knicks,,,Milwaukee Bucks,,
7 février 2018 Saison régulière,Brooklyn Nets,,,Houston Rockets,,
7 février 2018 Saison régulière,Philadelphia 76ers,,,Washington Wizards,,
7 février 2018 Saison régulière,Golden State Warriors,,,Oklahoma City Thunder,,
7 février 2018 Saison régulière,LA Lakers,,,Phoenix Suns,,
6 février 2018 Saison régulière,Detroit Pistons,,,Portland Trail Blazers,,
6 février 2018 Saison régulière,Indiana Pacers,,,Washington Wizards,,
6 février 2018 Saison régulière,Miami Heat,,,Orlando Magic,,
6 février 2018 Saison régulière,New Orleans Pelicans,,,Utah Jazz,,
6 février 2018 Saison régulière,Denver Nuggets,,,Charlotte Hornets,,
6 février 2018 Saison régulière,Sacramento Kings,,,Chicago Bulls,,
6 février 2018 Saison régulière,LA Clippers,,,Dallas Mavericks,,
3 février 2018 Saison régulière,Charlotte Hornets,,,Indiana Pacers,,
3 février 2018 Saison régulière,Toronto Raptors,,,Portland Trail Blazers,,
3 février 2018 Saison régulière,Boston Celtics,,,Atlanta Hawks,,
3 février 2018 Saison régulière,Brooklyn Nets,,,LA Lakers,,
3 février 2018 Saison régulière,Milwaukee Bucks,,,New York Knicks,,
3 février 2018 Saison régulière,Philadelphia 76ers,,,Miami Heat,,
3 février 2018 Saison régulière,Phoenix Suns,,,Utah Jazz,,
3 février 2018 Saison régulière,Oklahoma City Thunder,,,New Orleans Pelicans,,
3 février 2018 Saison régulière,Sacramento Kings,,,Golden State Warriors,,
3 février 2018 Saison régulière,LA Clippers,,,Chicago Bulls,,
4 février 2018 Saison régulière,Detroit Pistons,,,Miami Heat,,
4 février 2018 Saison régulière,Indiana Pacers,,,Philadelphia 76ers,,
4 février 2018 Saison régulière,Orlando Magic,,,Washington Wizards,,
4 février 2018 Saison régulière,Cleveland Cavaliers,,,Houston Rockets,,
4 février 2018 Saison régulière,Denver Nuggets,,,Golden State Warriors,,
4 février 2018 Saison régulière,Minnesota Timberwolves,,,New Orleans Pelicans,,
4 février 2018 Saison régulière,San Antonio Spurs,,,Utah Jazz,,
4 février 2018 Saison régulière,Sacramento Kings,,,Dallas Mavericks,,
4 février 2018 Saison régulière,Toronto Raptors,,,Memphis Grizzlies,,
4 février 2018 Saison régulière,Boston Celtics,,,Portland Trail Blazers,,
4 février 2018 Saison régulière,New York Knicks,,,Atlanta Hawks,,
4 février 2018 Saison régulière,Brooklyn Nets,,,Milwaukee Bucks,,
4 février 2018 Saison régulière,Oklahoma City Thunder,,,LA Lakers,,
4 février 2018 Saison régulière,Phoenix Suns,,,Charlotte Hornets,,
2 février 2018 Saison régulière,Detroit Pistons,,,Memphis Grizzlies,,
2 février 2018 Saison régulière,Washington Wizards,,,Toronto Raptors,,
2 février 2018 Saison régulière,Minnesota Timberwolves,,,Milwaukee Bucks,,
2 février 2018 Saison régulière,San Antonio Spurs,,,Houston Rockets,,
2 février 2018 Saison régulière,Denver Nuggets,,,Oklahoma City Thunder,,
1 février 2018 Saison régulière,Indiana Pacers,,,Memphis Grizzlies,,
1 février 2018 Saison régulière,Orlando Magic,,,LA Lakers,,
1 février 2018 Saison régulière,Atlanta Hawks,,,Charlotte Hornets,,
1 février 2018 Saison régulière,Cleveland Cavaliers,,,Miami Heat,,
1 février 2018 Saison régulière,Brooklyn Nets,,,Philadelphia 76ers,,
1 février 2018 Saison régulière,Boston Celtics,,,New York Knicks,,
1 février 2018 Saison régulière,Portland Trail Blazers,,,Chicago Bulls,,
31 janvier 2018 Saison régulière,Washington Wizards,,,Oklahoma City Thunder,,
1 février 2018 Saison régulière,Phoenix Suns,,,Dallas Mavericks,,
31 janvier 2018 Saison régulière,Toronto Raptors,,,Minnesota Timberwolves,,
31 janvier 2018 Saison régulière,New York Knicks,,,Brooklyn Nets,,
31 janvier 2018 Saison régulière,New Orleans Pelicans,,,Sacramento Kings,,
30 janvier 2018 Saison régulière,Indiana Pacers,,,Charlotte Hornets,,
31 janvier 2018 Saison régulière,Detroit Pistons,,,Cleveland Cavaliers,,
31 janvier 2018 Saison régulière,Houston Rockets,,,Orlando Magic,,
31 janvier 2018 Saison régulière,San Antonio Spurs,,,Denver Nuggets,,
31 janvier 2018 Saison régulière,Utah Jazz,,,Golden State Warriors,,
30 janvier 2018 Saison régulière,Atlanta Hawks,,,Minnesota Timberwolves,,
30 janvier 2018 Saison régulière,Milwaukee Bucks,,,Philadelphia 76ers,,
30 janvier 2018 Saison régulière,Memphis Grizzlies,,,Phoenix Suns,,
31 janvier 2018 Saison régulière,LA Clippers,,,Portland Trail Blazers,,
30 janvier 2018 Saison régulière,Dallas Mavericks,,,Miami Heat,,
30 janvier 2018 Saison régulière,Denver Nuggets,,,Boston Celtics,,
29 janvier 2018 Saison régulière,Cleveland Cavaliers,,,Detroit Pistons,,
29 janvier 2018 Saison régulière,Toronto Raptors,,,LA Lakers,,
29 janvier 2018 Saison régulière,Oklahoma City Thunder,,,Philadelphia 76ers,,
29 janvier 2018 Saison régulière,San Antonio Spurs,,,Sacramento Kings,,
28 janvier 2018 Saison régulière,Detroit Pistons,,,Oklahoma City Thunder,,
28 janvier 2018 Saison régulière,Indiana Pacers,,,Orlando Magic,,
28 janvier 2018 Saison régulière,Atlanta Hawks,,,Washington Wizards,,
28 janvier 2018 Saison régulière,Miami Heat,,,Charlotte Hornets,,
28 janvier 2018 Saison régulière,Golden State Warriors,,,Boston Celtics,,
28 janvier 2018 Saison régulière,Denver Nuggets,,,Dallas Mavericks,,
28 janvier 2018 Saison régulière,Minnesota Timberwolves,,,Brooklyn Nets,,
28 janvier 2018 Saison régulière,Chicago Bulls,,,Milwaukee Bucks,,
28 janvier 2018 Saison régulière,Houston Rockets,,,Phoenix Suns,,
28 janvier 2018 Saison régulière,New Orleans Pelicans,,,LA Clippers,,
27 janvier 2018 Saison régulière,Charlotte Hornets,,,Atlanta Hawks,,
27 janvier 2018 Saison régulière,Cleveland Cavaliers,,,Indiana Pacers,,
27 janvier 2018 Saison régulière,Toronto Raptors,,,Utah Jazz,,
27 janvier 2018 Saison régulière,Chicago Bulls,,,LA Lakers,,
27 janvier 2018 Saison régulière,New Orleans Pelicans,,,Houston Rockets,,
27 janvier 2018 Saison régulière,Milwaukee Bucks,,,Brooklyn Nets,,
27 janvier 2018 Saison régulière,Memphis Grizzlies,,,LA Clippers,,
27 janvier 2018 Saison régulière,Dallas Mavericks,,,Portland Trail Blazers,,
27 janvier 2018 Saison régulière,San Antonio Spurs,,,Philadelphia 76ers,,
26 janvier 2018 Saison régulière,Miami Heat,,,Sacramento Kings,,
27 janvier 2018 Saison régulière,Phoenix Suns,,,New York Knicks,,
26 janvier 2018 Saison régulière,Oklahoma City Thunder,,,Washington Wizards,,
26 janvier 2018 Saison régulière,Denver Nuggets,,,New York Knicks,,
26 janvier 2018 Saison régulière,Golden State Warriors,,,Minnesota Timberwolves,,
25 janvier 2018 Saison régulière,Detroit Pistons,,,Utah Jazz,,
25 janvier 2018 Saison régulière,Indiana Pacers,,,Phoenix Suns,,
25 janvier 2018 Saison régulière,Philadelphia 76ers,,,Chicago Bulls,,
25 janvier 2018 Saison régulière,Charlotte Hornets,,,New Orleans Pelicans,,
25 janvier 2018 Saison régulière,Atlanta Hawks,,,Toronto Raptors,,
25 janvier 2018 Saison régulière,Dallas Mavericks,,,Houston Rockets,,
25 janvier 2018 Saison régulière,Memphis Grizzlies,,,San Antonio Spurs,,
25 janvier 2018 Saison régulière,Portland Trail Blazers,,,Minnesota Timberwolves,,
25 janvier 2018 Saison régulière,LA Clippers,,,Boston Celtics,,
23 janvier 2018 Saison régulière,Charlotte Hornets,,,Sacramento Kings,,
23 janvier 2018 Saison régulière,Atlanta Hawks,,,Utah Jazz,,
23 janvier 2018 Saison régulière,New Orleans Pelicans,,,Chicago Bulls,,
23 janvier 2018 Saison régulière,Milwaukee Bucks,,,Phoenix Suns,,
23 janvier 2018 Saison régulière,Houston Rockets,,,Miami Heat,,
24 janvier 2018 Saison régulière,Orlando Magic,,,Sacramento Kings,,
23 janvier 2018 Saison régulière,Memphis Grizzlies,,,Philadelphia 76ers,,
23 janvier 2018 Saison régulière,Dallas Mavericks,,,Washington Wizards,,
23 janvier 2018 Saison régulière,Denver Nuggets,,,Portland Trail Blazers,,
23 janvier 2018 Saison régulière,LA Clippers,,,Minnesota Timberwolves,,
24 janvier 2018 Saison régulière,San Antonio Spurs,,,Cleveland Cavaliers,,
24 janvier 2018 Saison régulière,Oklahoma City Thunder,,,Brooklyn Nets,,
24 janvier 2018 Saison régulière,Golden State Warriors,,,New York Knicks,,
24 janvier 2018 Saison régulière,LA Lakers,,,Boston Celtics,,
22 janvier 2018 Saison régulière,San Antonio Spurs,,,Indiana Pacers,,
20 janvier 2018 Saison régulière,Toronto Raptors,,,San Antonio Spurs,,
20 janvier 2018 Saison régulière,Brooklyn Nets,,,Miami Heat,,
20 janvier 2018 Saison régulière,Detroit Pistons,,,Washington Wizards,,
20 janvier 2018 Saison régulière,Memphis Grizzlies,,,Sacramento Kings,,
20 janvier 2018 Saison régulière,Denver Nuggets,,,Phoenix Suns,,
20 janvier 2018 Saison régulière,LA Lakers,,,Indiana Pacers,,
20 janvier 2018 Saison régulière,Utah Jazz,,,New York Knicks,,
20 janvier 2018 Saison régulière,Cleveland Cavaliers,,,Oklahoma City Thunder,,
20 janvier 2018 Saison régulière,Atlanta Hawks,,,Chicago Bulls,,
18 janvier 2018 Saison régulière,Charlotte Hornets,,,Washington Wizards,,
18 janvier 2018 Saison régulière,Atlanta Hawks,,,New Orleans Pelicans,,
18 janvier 2018 Saison régulière,Toronto Raptors,,,Detroit Pistons,,
18 janvier 2018 Saison régulière,Brooklyn Nets,,,San Antonio Spurs,,
18 janvier 2018 Saison régulière,Chicago Bulls,,,Golden State Warriors,,
18 janvier 2018 Saison régulière,Milwaukee Bucks,,,Miami Heat,,
18 janvier 2018 Saison régulière,Memphis Grizzlies,,,New York Knicks,,
18 janvier 2018 Saison régulière,Oklahoma City Thunder,,,LA Lakers,,
18 janvier 2018 Saison régulière,Sacramento Kings,,,Utah Jazz,,
19 janvier 2018 Saison régulière,Cleveland Cavaliers,,,Orlando Magic,,
18 janvier 2018 Saison régulière,LA Clippers,,,Denver Nuggets,,
19 janvier 2018 Saison régulière,Boston Celtics,,,Philadelphia 76ers,,
19 janvier 2018 Saison régulière,Houston Rockets,,,Minnesota Timberwolves,,
19 janvier 2018 Saison régulière,Portland Trail Blazers,,,Indiana Pacers,,
21 janvier 2018 Saison régulière,New Orleans Pelicans,,,Memphis Grizzlies,,
21 janvier 2018 Saison régulière,Charlotte Hornets,,,Miami Heat,,
21 janvier 2018 Saison régulière,Philadelphia 76ers,,,Milwaukee Bucks,,
21 janvier 2018 Saison régulière,Houston Rockets,,,Golden State Warriors,,
21 janvier 2018 Saison régulière,Minnesota Timberwolves,,,Toronto Raptors,,
21 janvier 2018 Saison régulière,Utah Jazz,,,LA Clippers,,
21 janvier 2018 Saison régulière,Portland Trail Blazers,,,Dallas Mavericks,,
21 janvier 2018 Saison régulière,Boston Celtics,,,Orlando Magic,,
21 janvier 2018 Saison régulière,LA Lakers,,,New York Knicks,,
21 janvier 2018 Saison régulière,Detroit Pistons,,,Brooklyn Nets,,
17 janvier 2018 Saison régulière,Orlando Magic,,,Minnesota Timberwolves,,
17 janvier 2018 Saison régulière,Boston Celtics,,,New Orleans Pelicans,,
17 janvier 2018 Saison régulière,Denver Nuggets,,,Dallas Mavericks,,
17 janvier 2018 Saison régulière,Portland Trail Blazers,,,Phoenix Suns,,
16 janvier 2018 Saison régulière,Cleveland Cavaliers,,,Golden State Warriors,,
16 janvier 2018 Saison régulière,Utah Jazz,,,Indiana Pacers,,
16 janvier 2018 Saison régulière,LA Clippers,,,Houston Rockets,,
15 janvier 2018 Saison régulière,Phoenix Suns,,,Indiana Pacers,,
15 janvier 2018 Saison régulière,Minnesota Timberwolves,,,Portland Trail Blazers,,
15 janvier 2018 Saison régulière,Detroit Pistons,,,Charlotte Hornets,,
15 janvier 2018 Saison régulière,Philadelphia 76ers,,,Toronto Raptors,,
15 janvier 2018 Saison régulière,Washington Wizards,,,Milwaukee Bucks,,
15 janvier 2018 Saison régulière,Atlanta Hawks,,,San Antonio Spurs,,
15 janvier 2018 Saison régulière,Oklahoma City Thunder,,,Sacramento Kings,,
15 janvier 2018 Saison régulière,Brooklyn Nets,,,New York Knicks,,
15 janvier 2018 Saison régulière,Chicago Bulls,,,Miami Heat,,
15 janvier 2018 Saison régulière,Memphis Grizzlies,,,LA Lakers,,
14 janvier 2018 Saison régulière,Washington Wizards,,,Brooklyn Nets,,
14 janvier 2018 Saison régulière,Toronto Raptors,,,Golden State Warriors,,
14 janvier 2018 Saison régulière,Chicago Bulls,,,Detroit Pistons,,
14 janvier 2018 Saison régulière,San Antonio Spurs,,,Denver Nuggets,,
14 janvier 2018 Saison régulière,Miami Heat,,,Milwaukee Bucks,,
14 janvier 2018 Saison régulière,New York Knicks,,,New Orleans Pelicans,,
13 janvier 2018 Saison régulière,Indiana Pacers,,,Cleveland Cavaliers,,
13 janvier 2018 Saison régulière,Washington Wizards,,,Orlando Magic,,
13 janvier 2018 Saison régulière,Charlotte Hornets,,,Utah Jazz,,
13 janvier 2018 Saison régulière,Atlanta Hawks,,,Brooklyn Nets,,
13 janvier 2018 Saison régulière,New Orleans Pelicans,,,Portland Trail Blazers,,
13 janvier 2018 Saison régulière,Milwaukee Bucks,,,Golden State Warriors,,
13 janvier 2018 Saison régulière,Minnesota Timberwolves,,,New York Knicks,,
13 janvier 2018 Saison régulière,Denver Nuggets,,,Memphis Grizzlies,,
13 janvier 2018 Saison régulière,Phoenix Suns,,,Houston Rockets,,
13 janvier 2018 Saison régulière,Dallas Mavericks,,,LA Lakers,,
13 janvier 2018 Saison régulière,LA Clippers,,,Sacramento Kings,,
13 janvier 2018 Saison régulière,Charlotte Hornets,,,Oklahoma City Thunder,,
12 janvier 2018 Saison régulière,Toronto Raptors,,,Cleveland Cavaliers,,
12 janvier 2018 Saison régulière,Sacramento Kings,,,LA Clippers,,
12 janvier 2018 Saison régulière,LA Lakers,,,San Antonio Spurs,,
11 janvier 2018 Saison régulière,Indiana Pacers,,,Miami Heat,,
11 janvier 2018 Saison régulière,Washington Wizards,,,Utah Jazz,,
11 janvier 2018 Saison régulière,Charlotte Hornets,,,Dallas Mavericks,,
11 janvier 2018 Saison régulière,New York Knicks,,,Chicago Bulls,,
11 janvier 2018 Saison régulière,Brooklyn Nets,,,Detroit Pistons,,
11 janvier 2018 Saison régulière,Milwaukee Bucks,,,Orlando Magic,,
11 janvier 2018 Saison régulière,Houston Rockets,,,Portland Trail Blazers,,
11 janvier 2018 Saison régulière,Minnesota Timberwolves,,,Oklahoma City Thunder,,
11 janvier 2018 Saison régulière,Memphis Grizzlies,,,New Orleans Pelicans,,
11 janvier 2018 Saison régulière,Denver Nuggets,,,Atlanta Hawks,,
11 janvier 2018 Saison régulière,Golden State Warriors,,,LA Clippers,,
11 janvier 2018 Saison régulière,Philadelphia 76ers,,,Boston Celtics,,
10 janvier 2018 Saison régulière,Toronto Raptors,,,Miami Heat,,
10 janvier 2018 Saison régulière,Oklahoma City Thunder,,,Portland Trail Blazers,,
10 janvier 2018 Saison régulière,Dallas Mavericks,,,Orlando Magic,,
10 janvier 2018 Saison régulière,LA Lakers,,,Sacramento Kings,,
9 janvier 2018 Saison régulière,Indiana Pacers,,,Milwaukee Bucks,,
9 janvier 2018 Saison régulière,Brooklyn Nets,,,Toronto Raptors,,
9 janvier 2018 Saison régulière,Chicago Bulls,,,Houston Rockets,,
9 janvier 2018 Saison régulière,New Orleans Pelicans,,,Detroit Pistons,,
9 janvier 2018 Saison régulière,Minnesota Timberwolves,,,Cleveland Cavaliers,,
9 janvier 2018 Saison régulière,Sacramento Kings,,,San Antonio Spurs,,
9 janvier 2018 Saison régulière,Golden State Warriors,,,Denver Nuggets,,
9 janvier 2018 Saison régulière,LA Clippers,,,Atlanta Hawks,,
8 janvier 2018 Saison régulière,Dallas Mavericks,,,New York Knicks,,
8 janvier 2018 Saison régulière,Phoenix Suns,,,Oklahoma City Thunder,,
8 janvier 2018 Saison régulière,Portland Trail Blazers,,,San Antonio Spurs,,
8 janvier 2018 Saison régulière,LA Lakers,,,Atlanta Hawks,,
7 janvier 2018 Saison régulière,Brooklyn Nets,,,Boston Celtics,,
7 janvier 2018 Saison régulière,Detroit Pistons,,,Houston Rockets,,
7 janvier 2018 Saison régulière,Indiana Pacers,,,Chicago Bulls,,
7 janvier 2018 Saison régulière,Orlando Magic,,,Cleveland Cavaliers,,
7 janvier 2018 Saison régulière,Washington Wizards,,,Milwaukee Bucks,,
7 janvier 2018 Saison régulière,Minnesota Timberwolves,,,New Orleans Pelicans,,
7 janvier 2018 Saison régulière,Sacramento Kings,,,Denver Nuggets,,
6 janvier 2018 Saison régulière,Miami Heat,,,New York Knicks,,
7 janvier 2018 Saison régulière,Miami Heat,,,Utah Jazz,,
6 janvier 2018 Saison régulière,Philadelphia 76ers,,,Detroit Pistons,,
6 janvier 2018 Saison régulière,Boston Celtics,,,Minnesota Timberwolves,,
6 janvier 2018 Saison régulière,Milwaukee Bucks,,,Toronto Raptors,,
6 janvier 2018 Saison régulière,Dallas Mavericks,,,Chicago Bulls,,
6 janvier 2018 Saison régulière,San Antonio Spurs,,,Phoenix Suns,,
6 janvier 2018 Saison régulière,Denver Nuggets,,,Utah Jazz,,
6 janvier 2018 Saison régulière,Memphis Grizzlies,,,Washington Wizards,,
6 janvier 2018 Saison régulière,Portland Trail Blazers,,,Atlanta Hawks,,
6 janvier 2018 Saison régulière,LA Lakers,,,Charlotte Hornets,,
6 janvier 2018 Saison régulière,LA Clippers,,,Golden State Warriors,,
5 janvier 2018 Saison régulière,Houston Rockets,,,Golden State Warriors,,
5 janvier 2018 Saison régulière,LA Clippers,,,Oklahoma City Thunder,,
4 janvier 2018 Saison régulière,Orlando Magic,,,Houston Rockets,,
4 janvier 2018 Saison régulière,Philadelphia 76ers,,,San Antonio Spurs,,
4 janvier 2018 Saison régulière,Washington Wizards,,,New York Knicks,,
4 janvier 2018 Saison régulière,Miami Heat,,,Detroit Pistons,,
4 janvier 2018 Saison régulière,Brooklyn Nets,,,Minnesota Timberwolves,,
4 janvier 2018 Saison régulière,Chicago Bulls,,,Toronto Raptors,,
4 janvier 2018 Saison régulière,Milwaukee Bucks,,,Indiana Pacers,,
1 janvier 2018 Saison régulière,LA Clippers,,,Charlotte Hornets,,
4 janvier 2018 Saison régulière,Boston Celtics,,,Cleveland Cavaliers,,
4 janvier 2018 Saison régulière,Dallas Mavericks,,,Golden State Warriors,,
4 janvier 2018 Saison régulière,Denver Nuggets,,,Phoenix Suns,,
1 janvier 2018 Saison régulière,Sacramento Kings,,,Memphis Grizzlies,,
1 janvier 2018 Saison régulière,Houston Rockets,,,LA Lakers,,
1 janvier 2018 Saison régulière,Oklahoma City Thunder,,,Dallas Mavericks,,
1 janvier 2018 Saison régulière,Phoenix Suns,,,Philadelphia 76ers,,
2 janvier 2018 Saison régulière,Toronto Raptors,,,Milwaukee Bucks,,
4 janvier 2018 Saison régulière,Utah Jazz,,,New Orleans Pelicans,,
4 janvier 2018 Saison régulière,LA Lakers,,,Oklahoma City Thunder,,
2 janvier 2018 Saison régulière,Brooklyn Nets,,,Orlando Magic,,
2 janvier 2018 Saison régulière,Chicago Bulls,,,Portland Trail Blazers,,
2 janvier 2018 Saison régulière,Minnesota Timberwolves,,,LA Lakers,,
3 janvier 2018 Saison régulière,Cleveland Cavaliers,,,Portland Trail Blazers,,
3 janvier 2018 Saison régulière,New York Knicks,,,San Antonio Spurs,,
3 janvier 2018 Saison régulière,Phoenix Suns,,,Atlanta Hawks,,
31 décembre 2017 Saison régulière,New Orleans Pelicans,,,New York Knicks,,
3 janvier 2018 Saison régulière,Sacramento Kings,,,Charlotte Hornets,,
3 janvier 2018 Saison régulière,LA Clippers,,,Memphis Grizzlies,,
31 décembre 2017 Saison régulière,Detroit Pistons,,,San Antonio Spurs,,
31 décembre 2017 Saison régulière,Orlando Magic,,,Miami Heat,,
31 décembre 2017 Saison régulière,Atlanta Hawks,,,Portland Trail Blazers,,
31 décembre 2017 Saison régulière,Utah Jazz,,,Cleveland Cavaliers,,
31 décembre 2017 Saison régulière,Golden State Warriors,,,Memphis Grizzlies,,
31 décembre 2017 Saison régulière,Denver Nuggets,,,Philadelphia 76ers,,
31 décembre 2017 Saison régulière,Washington Wizards,,,Chicago Bulls,,
30 décembre 2017 Saison régulière,Washington Wizards,,,Houston Rockets,,
31 décembre 2017 Saison régulière,Indiana Pacers,,,Minnesota Timberwolves,,
31 décembre 2017 Saison régulière,Boston Celtics,,,Brooklyn Nets,,
30 décembre 2017 Saison régulière,Toronto Raptors,,,Atlanta Hawks,,
30 décembre 2017 Saison régulière,Chicago Bulls,,,Indiana Pacers,,
30 décembre 2017 Saison régulière,New Orleans Pelicans,,,Dallas Mavericks,,
30 décembre 2017 Saison régulière,Miami Heat,,,Brooklyn Nets,,
30 décembre 2017 Saison régulière,Oklahoma City Thunder,,,Milwaukee Bucks,,
30 décembre 2017 Saison régulière,Sacramento Kings,,,Phoenix Suns,,
30 décembre 2017 Saison régulière,Golden State Warriors,,,Charlotte Hornets,,
30 décembre 2017 Saison régulière,LA Lakers,,,LA Clippers,,
29 décembre 2017 Saison régulière,Orlando Magic,,,Detroit Pistons,,
29 décembre 2017 Saison régulière,Milwaukee Bucks,,,Minnesota Timberwolves,,
29 décembre 2017 Saison régulière,Boston Celtics,,,Houston Rockets,,
29 décembre 2017 Saison régulière,San Antonio Spurs,,,New York Knicks,,
29 décembre 2017 Saison régulière,Portland Trail Blazers,,,Philadelphia 76ers,,
27 décembre 2017 Saison régulière,Detroit Pistons,,,Indiana Pacers,,
28 décembre 2017 Saison régulière,Indiana Pacers,,,Dallas Mavericks,,
27 décembre 2017 Saison régulière,Dallas Mavericks,,,Toronto Raptors,,
27 décembre 2017 Saison régulière,Miami Heat,,,Orlando Magic,,
27 décembre 2017 Saison régulière,Milwaukee Bucks,,,Chicago Bulls,,
28 décembre 2017 Saison régulière,Charlotte Hornets,,,Boston Celtics,,
28 décembre 2017 Saison régulière,Atlanta Hawks,,,Washington Wizards,,
28 décembre 2017 Saison régulière,Chicago Bulls,,,New York Knicks,,
28 décembre 2017 Saison régulière,New Orleans Pelicans,,,Brooklyn Nets,,
26 décembre 2017 Saison régulière,Oklahoma City Thunder,,,Houston Rockets,,
27 décembre 2017 Saison régulière,San Antonio Spurs,,,Brooklyn Nets,,
27 décembre 2017 Saison régulière,Phoenix Suns,,,Memphis Grizzlies,,
27 décembre 2017 Saison régulière,Denver Nuggets,,,Utah Jazz,,
28 décembre 2017 Saison régulière,Minnesota Timberwolves,,,Denver Nuggets,,
28 décembre 2017 Saison régulière,Oklahoma City Thunder,,,Toronto Raptors,,
28 décembre 2017 Saison régulière,Sacramento Kings,,,Cleveland Cavaliers,,
26 décembre 2017 Saison régulière,LA Lakers,,,Minnesota Timberwolves,,
27 décembre 2017 Saison régulière,LA Clippers,,,Sacramento Kings,,
28 décembre 2017 Saison régulière,Golden State Warriors,,,Utah Jazz,,
28 décembre 2017 Saison régulière,LA Lakers,,,Memphis Grizzlies,,
25 décembre 2017 Saison régulière,New York Knicks,,,Philadelphia 76ers,,
24 décembre 2017 Saison régulière,Indiana Pacers,,,Brooklyn Nets,,
25 décembre 2017 Saison régulière,Golden State Warriors,,,Cleveland Cavaliers,,
25 décembre 2017 Saison régulière,Boston Celtics,,,Washington Wizards,,
24 décembre 2017 Saison régulière,Washington Wizards,,,Orlando Magic,,
24 décembre 2017 Saison régulière,Charlotte Hornets,,,Milwaukee Bucks,,
24 décembre 2017 Saison régulière,Atlanta Hawks,,,Dallas Mavericks,,
23 décembre 2017 Saison régulière,Detroit Pistons,104,101,New York Knicks,#7,#8
24 décembre 2017 Saison régulière,Boston Celtics,,,Chicago Bulls,,
24 décembre 2017 Saison régulière,Miami Heat,,,New Orleans Pelicans,,
24 décembre 2017 Saison régulière,Utah Jazz,,,Oklahoma City Thunder,,
23 décembre 2017 Saison régulière,Orlando Magic,97,111,New Orleans Pelicans,#13,#8
23 décembre 2017 Saison régulière,Brooklyn Nets,119,84,Washington Wizards,#11,#4
23 décembre 2017 Saison régulière,Milwaukee Bucks,109,104,Charlotte Hornets,#6,#12
24 décembre 2017 Saison régulière,Memphis Grizzlies,,,LA Clippers,,
24 décembre 2017 Saison régulière,Golden State Warriors,,,Denver Nuggets,,
24 décembre 2017 Saison régulière,Phoenix Suns,,,Minnesota Timberwolves,,
23 décembre 2017 Saison régulière,Miami Heat,113,101,Dallas Mavericks,#9,#14
23 décembre 2017 Saison régulière,Houston Rockets,118,128,LA Clippers,#1,#10
23 décembre 2017 Saison régulière,Oklahoma City Thunder,120,117,Atlanta Hawks,#7,#15
24 décembre 2017 Saison régulière,LA Lakers,,,Portland Trail Blazers,,
24 décembre 2017 Saison régulière,Sacramento Kings,,,San Antonio Spurs,,
23 décembre 2017 Saison régulière,Portland Trail Blazers,85,102,Denver Nuggets,#5,#6
23 décembre 2017 Saison régulière,Golden State Warriors,113,106,LA Lakers,#2,#11
23 décembre 2017 Saison régulière,Toronto Raptors,,,Philadelphia 76ers,#2,#10
22 décembre 2017 Saison régulière,Cleveland Cavaliers,115,112,Chicago Bulls,#3,#14
22 décembre 2017 Saison régulière,Philadelphia 76ers,109,114,Toronto Raptors,#10,#2
22 décembre 2017 Saison régulière,New York Knicks,102,93,Boston Celtics,#8,#1
22 décembre 2017 Saison régulière,Phoenix Suns,97,95,Memphis Grizzlies,#13,#14
22 décembre 2017 Saison régulière,Utah Jazz,100,89,San Antonio Spurs,#9,#3
21 décembre 2017 Saison régulière,Charlotte Hornets,111,129,Toronto Raptors,#12,#3
20 décembre 2017 Saison régulière,Philadelphia 76ers,95,101,Sacramento Kings,#10,#13
21 décembre 2017 Saison régulière,Atlanta Hawks,95,105,Indiana Pacers,#15,#7
21 décembre 2017 Saison régulière,Boston Celtics,89,90,Miami Heat,#1,#9
21 décembre 2017 Saison régulière,Brooklyn Nets,99,104,Sacramento Kings,#11,#13
20 décembre 2017 Saison régulière,Washington Wizards,116,106,New Orleans Pelicans,#4,#7
20 décembre 2017 Saison régulière,Milwaukee Bucks,119,116,Cleveland Cavaliers,#7,#2
16 décembre 2017 Saison régulière,Indiana Pacers,98,104,Detroit Pistons,#6,#7
21 décembre 2017 Saison régulière,Chicago Bulls,112,94,Orlando Magic,#14,#13
21 décembre 2017 Saison régulière,Houston Rockets,116,122,LA Lakers,#1,#11
18 décembre 2017 Saison régulière,Washington Wizards,99,106,Cleveland Cavaliers,#4,#2
16 décembre 2017 Saison régulière,Orlando Magic,88,95,Portland Trail Blazers,#12,#6
16 décembre 2017 Saison régulière,Philadelphia 76ers,117,119,Oklahoma City Thunder,#9,#8
19 décembre 2017 Saison régulière,Indiana Pacers,111,112,Boston Celtics,#6,#1
17 décembre 2017 Saison régulière,Charlotte Hornets,91,93,Portland Trail Blazers,#13,#6
21 décembre 2017 Saison régulière,Oklahoma City Thunder,107,79,Utah Jazz,#7,#9
21 décembre 2017 Saison régulière,Dallas Mavericks,110,93,Detroit Pistons,#15,#5
21 décembre 2017 Saison régulière,Denver Nuggets,104,112,Minnesota Timberwolves,#6,#4
18 décembre 2017 Saison régulière,Brooklyn Nets,97,109,Indiana Pacers,#11,#6
16 décembre 2017 Saison régulière,Washington Wizards,100,91,LA Clippers,#4,#10
16 décembre 2017 Saison régulière,Charlotte Hornets,98,104,Miami Heat,#13,#10
16 décembre 2017 Saison régulière,Toronto Raptors,120,87,Brooklyn Nets,#3,#11
19 décembre 2017 Saison régulière,Charlotte Hornets,109,91,New York Knicks,#13,#7
19 décembre 2017 Saison régulière,Atlanta Hawks,110,104,Miami Heat,#15,#9
19 décembre 2017 Saison régulière,Chicago Bulls,117,115,Philadelphia 76ers,#14,#10
19 décembre 2017 Saison régulière,Houston Rockets,120,99,Utah Jazz,#1,#9
15 décembre 2017 Saison régulière,Atlanta Hawks,91,105,Detroit Pistons,#15,#8
17 décembre 2017 Saison régulière,Cleveland Cavaliers,109,100,Utah Jazz,#2,#9
17 décembre 2017 Saison régulière,New York Knicks,111,96,Oklahoma City Thunder,#8,#8
17 décembre 2017 Saison régulière,Miami Heat,90,85,LA Clippers,#9,#10
21 décembre 2017 Saison régulière,Portland Trail Blazers,91,93,San Antonio Spurs,#5,#3
21 décembre 2017 Saison régulière,Golden State Warriors,97,84,Memphis Grizzlies,#2,#14
21 décembre 2017 Saison régulière,LA Clippers,108,95,Phoenix Suns,#10,#12
16 décembre 2017 Saison régulière,Boston Celtics,95,107,Utah Jazz,#1,#9
16 décembre 2017 Saison régulière,Milwaukee Bucks,109,115,Chicago Bulls,#5,#14
16 décembre 2017 Saison régulière,Memphis Grizzlies,96,94,Atlanta Hawks,#14,#15
19 décembre 2017 Saison régulière,Minnesota Timberwolves,108,107,Portland Trail Blazers,#4,#5
19 décembre 2017 Saison régulière,Oklahoma City Thunder,95,94,Denver Nuggets,#8,#6
19 décembre 2017 Saison régulière,Dallas Mavericks,91,97,Phoenix Suns,#15,#12
15 décembre 2017 Saison régulière,Brooklyn Nets,104,111,New York Knicks,#11,#9
15 décembre 2017 Saison régulière,Cleveland Cavaliers,121,112,LA Lakers,#2,#11
15 décembre 2017 Saison régulière,Minnesota Timberwolves,119,96,Sacramento Kings,#4,#12
9 décembre 2017 Saison régulière,Detroit Pistons,98,102,Golden State Warriors,#5,#2
17 décembre 2017 Saison régulière,Houston Rockets,115,111,Milwaukee Bucks,#1,#5
17 décembre 2017 Saison régulière,Minnesota Timberwolves,106,108,Phoenix Suns,#4,#14
17 décembre 2017 Saison régulière,San Antonio Spurs,98,96,Dallas Mavericks,#3,#15
16 décembre 2017 Saison régulière,Denver Nuggets,117,111,New Orleans Pelicans,#5,#7
16 décembre 2017 Saison régulière,Houston Rockets,124,109,San Antonio Spurs,#1,#3
19 décembre 2017 Saison régulière,San Antonio Spurs,109,91,LA Clippers,#3,#10
19 décembre 2017 Saison régulière,LA Lakers,114,116,Golden State Warriors,#11,#2
15 décembre 2017 Saison régulière,Golden State Warriors,112,97,Dallas Mavericks,#2,#14
9 décembre 2017 Saison régulière,Indiana Pacers,106,102,Cleveland Cavaliers,#7,#2
9 décembre 2017 Saison régulière,Orlando Magic,89,103,Denver Nuggets,#11,#6
17 décembre 2017 Saison régulière,Memphis Grizzlies,93,102,Boston Celtics,#13,#1
17 décembre 2017 Saison régulière,Toronto Raptors,108,93,Sacramento Kings,#3,#12
17 décembre 2017 Saison régulière,Detroit Pistons,114,110,Orlando Magic,#6,#12
9 décembre 2017 Saison régulière,Charlotte Hornets,111,119,Chicago Bulls,#13,#15
9 décembre 2017 Saison régulière,New Orleans Pelicans,109,116,Sacramento Kings,#7,#14
14 décembre 2017 Saison régulière,Indiana Pacers,95,100,Oklahoma City Thunder,#6,#9
9 décembre 2017 Saison régulière,Milwaukee Bucks,109,102,Dallas Mavericks,#6,#15
9 décembre 2017 Saison régulière,Memphis Grizzlies,107,116,Toronto Raptors,#12,#3
14 décembre 2017 Saison régulière,Orlando Magic,95,106,LA Clippers,#12,#10
14 décembre 2017 Saison régulière,Washington Wizards,93,87,Memphis Grizzlies,#4,#14
12 décembre 2017 Saison régulière,Chicago Bulls,108,85,Boston Celtics,#15,#1
9 décembre 2017 Saison régulière,San Antonio Spurs,105,102,Boston Celtics,#3,#1
9 décembre 2017 Saison régulière,LA Clippers,113,112,Washington Wizards,#11,#4
14 décembre 2017 Saison régulière,Boston Celtics,124,118,Denver Nuggets,#1,#5
14 décembre 2017 Saison régulière,Miami Heat,95,102,Portland Trail Blazers,#10,#6
14 décembre 2017 Saison régulière,Chicago Bulls,103,100,Utah Jazz,#14,#8
11 décembre 2017 Saison régulière,New Orleans Pelicans,131,124,Philadelphia 76ers,#7,#8
12 décembre 2017 Saison régulière,Houston Rockets,130,123,New Orleans Pelicans,#1,#7
12 décembre 2017 Saison régulière,Memphis Grizzlies,82,107,Miami Heat,#13,#10
12 décembre 2017 Saison régulière,Oklahoma City Thunder,103,116,Charlotte Hornets,#9,#13
13 décembre 2017 Saison régulière,Cleveland Cavaliers,123,114,Atlanta Hawks,#2,#15
14 décembre 2017 Saison régulière,New Orleans Pelicans,115,108,Milwaukee Bucks,#7,#5
14 décembre 2017 Saison régulière,Phoenix Suns,109,115,Toronto Raptors,#13,#3
11 décembre 2017 Saison régulière,Minnesota Timberwolves,97,92,Dallas Mavericks,#4,#15
11 décembre 2017 Saison régulière,New York Knicks,111,107,Atlanta Hawks,#9,#14
12 décembre 2017 Saison régulière,Golden State Warriors,111,104,Portland Trail Blazers,#2,#6
12 décembre 2017 Saison régulière,LA Clippers,96,91,Toronto Raptors,#11,#2
13 décembre 2017 Saison régulière,Detroit Pistons,84,103,Denver Nuggets,#7,#5
13 décembre 2017 Saison régulière,New York Knicks,113,109,LA Lakers,#8,#11
8 décembre 2017 Saison régulière,Philadelphia 76ers,104,107,LA Lakers,#6,#11
14 décembre 2017 Saison régulière,Houston Rockets,108,96,Charlotte Hornets,#1,#13
10 décembre 2017 Saison régulière,Brooklyn Nets,89,101,Miami Heat,#11,#10
13 décembre 2017 Saison régulière,Brooklyn Nets,103,98,Washington Wizards,#11,#4
13 décembre 2017 Saison régulière,Minnesota Timberwolves,112,118,Philadelphia 76ers,#4,#10
13 décembre 2017 Saison régulière,Dallas Mavericks,95,89,San Antonio Spurs,#15,#3
8 décembre 2017 Saison régulière,Phoenix Suns,99,109,Washington Wizards,#12,#4
8 décembre 2017 Saison régulière,Brooklyn Nets,100,95,Oklahoma City Thunder,#12,#9
8 décembre 2017 Saison régulière,Utah Jazz,101,112,Houston Rockets,#7,#1
7 décembre 2017 Saison régulière,Cleveland Cavaliers,101,95,Sacramento Kings,#2,#14
10 décembre 2017 Saison régulière,Charlotte Hornets,99,110,LA Lakers,#13,#11
10 décembre 2017 Saison régulière,Atlanta Hawks,117,110,Orlando Magic,#14,#12
10 décembre 2017 Saison régulière,Chicago Bulls,104,102,New York Knicks,#15,#9
13 décembre 2017 Saison régulière,Sacramento Kings,99,92,Phoenix Suns,#13,#12
7 décembre 2017 Saison régulière,Indiana Pacers,98,96,Chicago Bulls,#8,#15
7 décembre 2017 Saison régulière,Orlando Magic,110,106,Atlanta Hawks,#12,#14
7 décembre 2017 Saison régulière,Boston Celtics,97,90,Dallas Mavericks,#1,#15
7 décembre 2017 Saison régulière,New York Knicks,99,88,Memphis Grizzlies,#9,#12
10 décembre 2017 Saison régulière,Cleveland Cavaliers,105,98,Philadelphia 76ers,#3,#8
10 décembre 2017 Saison régulière,Milwaukee Bucks,117,100,Utah Jazz,#5,#7
10 décembre 2017 Saison régulière,Phoenix Suns,101,104,San Antonio Spurs,#12,#3
7 décembre 2017 Saison régulière,New Orleans Pelicans,123,114,Denver Nuggets,#8,#4
7 décembre 2017 Saison régulière,Milwaukee Bucks,104,100,Detroit Pistons,#7,#5
7 décembre 2017 Saison régulière,Charlotte Hornets,87,101,Golden State Warriors,#11,#2
10 décembre 2017 Saison régulière,Memphis Grizzlies,101,102,Oklahoma City Thunder,#13,#9
10 décembre 2017 Saison régulière,Portland Trail Blazers,117,124,Houston Rockets,#6,#1
10 décembre 2017 Saison régulière,Sacramento Kings,87,102,Toronto Raptors,#13,#2
7 décembre 2017 Saison régulière,San Antonio Spurs,117,105,Miami Heat,#3,#10
7 décembre 2017 Saison régulière,LA Clippers,107,113,Minnesota Timberwolves,#10,#5
10 décembre 2017 Saison régulière,Detroit Pistons,81,91,Boston Celtics,#7,#1
10 décembre 2017 Saison régulière,Indiana Pacers,126,116,Denver Nuggets,#6,#5
6 décembre 2017 Saison régulière,Toronto Raptors,126,113,Phoenix Suns,#3,#11
6 décembre 2017 Saison régulière,Oklahoma City Thunder,100,94,Utah Jazz,#9,#7
6 décembre 2017 Saison régulière,Portland Trail Blazers,92,106,Washington Wizards,#4,#4
4 décembre 2017 Saison régulière,Miami Heat,95,123,Golden State Warriors,#10,#2
4 décembre 2017 Saison régulière,Minnesota Timberwolves,112,106,LA Clippers,#5,#10
4 décembre 2017 Saison régulière,Oklahoma City Thunder,90,87,San Antonio Spurs,#9,#3
4 décembre 2017 Saison régulière,LA Lakers,95,118,Houston Rockets,#11,#1
5 décembre 2017 Saison régulière,Indiana Pacers,115,97,New York Knicks,#8,#9
5 décembre 2017 Saison régulière,Philadelphia 76ers,101,115,Phoenix Suns,#6,#12
5 décembre 2017 Saison régulière,Charlotte Hornets,104,94,Orlando Magic,#12,#11
5 décembre 2017 Saison régulière,Atlanta Hawks,90,110,Brooklyn Nets,#14,#13
5 décembre 2017 Saison régulière,Boston Celtics,111,100,Milwaukee Bucks,#1,#7
5 décembre 2017 Saison régulière,Chicago Bulls,91,113,Cleveland Cavaliers,#15,#2
5 décembre 2017 Saison régulière,New Orleans Pelicans,115,125,Golden State Warriors,#8,#2
5 décembre 2017 Saison régulière,Memphis Grizzlies,95,92,Minnesota Timberwolves,#13,#5
5 décembre 2017 Saison régulière,Dallas Mavericks,122,105,Denver Nuggets,#15,#4
5 décembre 2017 Saison régulière,San Antonio Spurs,96,93,Detroit Pistons,#3,#5
5 décembre 2017 Saison régulière,Utah Jazz,116,69,Washington Wizards,#7,#4
2 décembre 2017 Saison régulière,Orlando Magic,112,133,Golden State Warriors,#11,#2
2 décembre 2017 Saison régulière,Washington Wizards,109,91,Detroit Pistons,#4,#2
2 décembre 2017 Saison régulière,Toronto Raptors,120,115,Indiana Pacers,#5,#8
3 décembre 2017 Saison régulière,Cleveland Cavaliers,116,111,Memphis Grizzlies,#2,#12
2 décembre 2017 Saison régulière,Chicago Bulls,106,107,Sacramento Kings,#15,#14
2 décembre 2017 Saison régulière,Miami Heat,105,100,Charlotte Hornets,#10,#12
2 décembre 2017 Saison régulière,Memphis Grizzlies,79,95,San Antonio Spurs,#12,#3
1 décembre 2017 Saison régulière,Atlanta Hawks,114,121,Cleveland Cavaliers,#14,#3
30 novembre 2017 Saison régulière,Detroit Pistons,131,107,Phoenix Suns,#2,#13
3 décembre 2017 Saison régulière,Philadelphia 76ers,108,103,Detroit Pistons,#6,#3
3 décembre 2017 Saison régulière,Milwaukee Bucks,109,104,Sacramento Kings,#7,#14
2 décembre 2017 Saison régulière,Oklahoma City Thunder,111,107,Minnesota Timberwolves,#9,#4
2 décembre 2017 Saison régulière,Utah Jazz,114,108,New Orleans Pelicans,#8,#7
1 décembre 2017 Saison régulière,Boston Celtics,108,97,Philadelphia 76ers,#1,#6
1 décembre 2017 Saison régulière,Denver Nuggets,111,110,Chicago Bulls,#6,#15
30 novembre 2017 Saison régulière,Orlando Magic,121,108,Oklahoma City Thunder,#12,#9
30 novembre 2017 Saison régulière,Philadelphia 76ers,118,113,Washington Wizards,#6,#4
3 décembre 2017 Saison régulière,Denver Nuggets,115,100,LA Lakers,#5,#11
3 décembre 2017 Saison régulière,Portland Trail Blazers,116,123,New Orleans Pelicans,#4,#8
29 novembre 2017 Saison régulière,Cleveland Cavaliers,108,97,Miami Heat,#3,#8
2 décembre 2017 Saison régulière,Boston Celtics,116,111,Phoenix Suns,#1,#13
2 décembre 2017 Saison régulière,Dallas Mavericks,108,82,LA Clippers,#15,#10
1 décembre 2017 Saison régulière,Portland Trail Blazers,91,103,Milwaukee Bucks,#4,#8
1 décembre 2017 Saison régulière,LA Clippers,107,126,Utah Jazz,#9,#8
30 novembre 2017 Saison régulière,Toronto Raptors,126,113,Charlotte Hornets,#5,#11
30 novembre 2017 Saison régulière,New York Knicks,115,86,Miami Heat,#9,#9
28 novembre 2017 Saison régulière,Indiana Pacers,121,109,Orlando Magic,#7,#12
3 décembre 2017 Saison régulière,New York Knicks,100,105,Orlando Magic,#8,#11
29 novembre 2017 Saison régulière,Chicago Bulls,99,104,Phoenix Suns,#15,#13
29 novembre 2017 Saison régulière,Minnesota Timberwolves,89,92,Washington Wizards,#5,#4
29 novembre 2017 Saison régulière,Sacramento Kings,87,112,Milwaukee Bucks,#14,#9
2 décembre 2017 Saison régulière,Brooklyn Nets,102,114,Atlanta Hawks,#13,#14
30 novembre 2017 Saison régulière,New Orleans Pelicans,102,120,Minnesota Timberwolves,#7,#5
30 novembre 2017 Saison régulière,Houston Rockets,118,97,Indiana Pacers,#1,#7
28 novembre 2017 Saison régulière,Philadelphia 76ers,91,113,Cleveland Cavaliers,#6,#3
28 novembre 2017 Saison régulière,Boston Celtics,108,118,Detroit Pistons,#1,#2
28 novembre 2017 Saison régulière,New York Knicks,91,103,Portland Trail Blazers,#8,#5
29 novembre 2017 Saison régulière,Utah Jazz,106,77,Denver Nuggets,#8,#6
30 novembre 2017 Saison régulière,Dallas Mavericks,104,109,Brooklyn Nets,#15,#13
30 novembre 2017 Saison régulière,San Antonio Spurs,104,95,Memphis Grizzlies,#3,#12
28 novembre 2017 Saison régulière,Houston Rockets,117,103,Brooklyn Nets,#1,#13
28 novembre 2017 Saison régulière,San Antonio Spurs,115,108,Dallas Mavericks,#3,#15
28 novembre 2017 Saison régulière,Golden State Warriors,106,110,Sacramento Kings,#2,#14
30 novembre 2017 Saison régulière,LA Lakers,123,127,Golden State Warriors,#11,#2
28 novembre 2017 Saison régulière,LA Clippers,120,115,LA Lakers,#11,#9
27 novembre 2017 Saison régulière,Memphis Grizzlies,88,98,Brooklyn Nets,#11,#13
26 novembre 2017 Saison régulière,Philadelphia 76ers,130,111,Orlando Magic,#6,#12
26 novembre 2017 Saison régulière,Washington Wizards,105,108,Portland Trail Blazers,#4,#4
26 novembre 2017 Saison régulière,Charlotte Hornets,86,106,San Antonio Spurs,#11,#3
26 novembre 2017 Saison régulière,Atlanta Hawks,78,112,Toronto Raptors,#14,#5
26 novembre 2017 Saison régulière,Indiana Pacers,98,108,Boston Celtics,#7,#1
25 novembre 2017 Saison régulière,Atlanta Hawks,116,104,New York Knicks,#15,#6
23 novembre 2017 Saison régulière,Cleveland Cavaliers,119,109,Brooklyn Nets,#5,#13
26 novembre 2017 Saison régulière,Houston Rockets,117,102,New York Knicks,#1,#8
26 novembre 2017 Saison régulière,Golden State Warriors,110,95,New Orleans Pelicans,#2,#7
26 novembre 2017 Saison régulière,Dallas Mavericks,97,81,Oklahoma City Thunder,#15,#8
25 novembre 2017 Saison régulière,Boston Celtics,118,103,Orlando Magic,#1,#12
25 novembre 2017 Saison régulière,Cleveland Cavaliers,100,99,Charlotte Hornets,#5,#10
25 novembre 2017 Saison régulière,Indiana Pacers,107,104,Toronto Raptors,#8,#2
23 novembre 2017 Saison régulière,Philadelphia 76ers,101,81,Portland Trail Blazers,#6,#4
23 novembre 2017 Saison régulière,Charlotte Hornets,129,124,Washington Wizards,#11,#4
23 novembre 2017 Saison régulière,Atlanta Hawks,103,116,LA Clippers,#15,#13
26 novembre 2017 Saison régulière,Utah Jazz,121,108,Milwaukee Bucks,#9,#9
26 novembre 2017 Saison régulière,Sacramento Kings,95,97,LA Clippers,#14,#12
26 novembre 2017 Saison régulière,Chicago Bulls,93,100,Miami Heat,#15,#10
21 novembre 2017 Saison régulière,Detroit Pistons,88,116,Cleveland Cavaliers,#2,#5
25 novembre 2017 Saison régulière,Minnesota Timberwolves,97,109,Miami Heat,#3,#10
25 novembre 2017 Saison régulière,Oklahoma City Thunder,98,99,Detroit Pistons,#8,#2
25 novembre 2017 Saison régulière,Phoenix Suns,91,115,New Orleans Pelicans,#12,#7
25 novembre 2017 Saison régulière,Denver Nuggets,104,92,Memphis Grizzlies,#6,#11
23 novembre 2017 Saison régulière,Miami Heat,104,98,Boston Celtics,#11,#1
23 novembre 2017 Saison régulière,New York Knicks,108,100,Toronto Raptors,#6,#2
23 novembre 2017 Saison régulière,New Orleans Pelicans,107,90,San Antonio Spurs,#7,#3
23 novembre 2017 Saison régulière,Houston Rockets,125,95,Denver Nuggets,#1,#5
26 novembre 2017 Saison régulière,Minnesota Timberwolves,119,108,Phoenix Suns,#5,#13
22 novembre 2017 Saison régulière,LA Lakers,103,94,Chicago Bulls,#10,#14
21 novembre 2017 Saison régulière,Orlando Magic,97,105,Indiana Pacers,#10,#9
21 novembre 2017 Saison régulière,Philadelphia 76ers,107,86,Utah Jazz,#6,#10
21 novembre 2017 Saison régulière,Charlotte Hornets,118,102,Minnesota Timberwolves,#12,#3
21 novembre 2017 Saison régulière,New York Knicks,107,85,LA Clippers,#6,#13
25 novembre 2017 Saison régulière,Golden State Warriors,143,94,Chicago Bulls,#2,#14
23 novembre 2017 Saison régulière,Minnesota Timberwolves,124,118,Orlando Magic,#5,#10
23 novembre 2017 Saison régulière,Memphis Grizzlies,94,95,Dallas Mavericks,#9,#15
23 novembre 2017 Saison régulière,Oklahoma City Thunder,108,91,Golden State Warriors,#9,#2
23 novembre 2017 Saison régulière,Phoenix Suns,107,113,Milwaukee Bucks,#11,#9
24 novembre 2017 Saison régulière,Brooklyn Nets,125,127,Portland Trail Blazers,#13,#5
21 novembre 2017 Saison régulière,New Orleans Pelicans,114,107,Oklahoma City Thunder,#7,#8
21 novembre 2017 Saison régulière,Milwaukee Bucks,88,99,Washington Wizards,#6,#4
21 novembre 2017 Saison régulière,Memphis Grizzlies,92,100,Portland Trail Blazers,#8,#5
23 novembre 2017 Saison régulière,Utah Jazz,110,80,Chicago Bulls,#12,#14
23 novembre 2017 Saison régulière,Sacramento Kings,113,102,LA Lakers,#14,#8
21 novembre 2017 Saison régulière,Dallas Mavericks,102,110,Boston Celtics,#15,#1
21 novembre 2017 Saison régulière,San Antonio Spurs,96,85,Atlanta Hawks,#4,#15
21 novembre 2017 Saison régulière,Sacramento Kings,98,114,Denver Nuggets,#14,#6
20 novembre 2017 Saison régulière,Toronto Raptors,100,91,Washington Wizards,#2,#4
20 novembre 2017 Saison régulière,Brooklyn Nets,111,118,Golden State Warriors,#12,#2
20 novembre 2017 Saison régulière,Minnesota Timberwolves,97,100,Detroit Pistons,#3,#2
18 novembre 2017 Saison régulière,Indiana Pacers,107,100,Detroit Pistons,#10,#2
20 novembre 2017 Saison régulière,Phoenix Suns,113,105,Chicago Bulls,#12,#14
20 novembre 2017 Saison régulière,LA Lakers,127,109,Denver Nuggets,#11,#5
18 novembre 2017 Saison régulière,Washington Wizards,88,91,Miami Heat,#3,#11
18 novembre 2017 Saison régulière,Cleveland Cavaliers,118,113,LA Clippers,#9,#12
18 novembre 2017 Saison régulière,Toronto Raptors,107,84,New York Knicks,#4,#5
18 novembre 2017 Saison régulière,Brooklyn Nets,118,107,Utah Jazz,#13,#10
18 novembre 2017 Saison régulière,Chicago Bulls,123,120,Charlotte Hornets,#15,#12
18 novembre 2017 Saison régulière,San Antonio Spurs,104,101,Oklahoma City Thunder,#4,#8
19 novembre 2017 Saison régulière,Orlando Magic,85,125,Utah Jazz,#8,#10
18 novembre 2017 Saison régulière,Dallas Mavericks,87,111,Minnesota Timberwolves,#15,#3
18 novembre 2017 Saison régulière,Sacramento Kings,86,82,Portland Trail Blazers,#14,#5
18 novembre 2017 Saison régulière,LA Lakers,113,122,Phoenix Suns,#11,#13
19 novembre 2017 Saison régulière,Charlotte Hornets,102,87,LA Clippers,#13,#12
19 novembre 2017 Saison régulière,Atlanta Hawks,99,110,Boston Celtics,#15,#1
19 novembre 2017 Saison régulière,Philadelphia 76ers,116,124,Golden State Warriors,#5,#2
19 novembre 2017 Saison régulière,Memphis Grizzlies,83,105,Houston Rockets,#7,#1
18 novembre 2017 Saison régulière,Denver Nuggets,146,114,New Orleans Pelicans,#6,#7
19 novembre 2017 Saison régulière,Dallas Mavericks,111,79,Milwaukee Bucks,#15,#5
19 novembre 2017 Saison régulière,Portland Trail Blazers,102,90,Sacramento Kings,#6,#14
19 novembre 2017 Saison régulière,Miami Heat,95,120,Indiana Pacers,#11,#10
17 novembre 2017 Saison régulière,Boston Celtics,92,88,Golden State Warriors,#1,#1
17 novembre 2017 Saison régulière,Phoenix Suns,116,142,Houston Rockets,#13,#2
16 novembre 2017 Saison régulière,Atlanta Hawks,126,80,Sacramento Kings,#15,#14
16 novembre 2017 Saison régulière,Miami Heat,93,102,Washington Wizards,#10,#3
16 novembre 2017 Saison régulière,New York Knicks,106,101,Utah Jazz,#6,#10
16 novembre 2017 Saison régulière,New Orleans Pelicans,116,125,Toronto Raptors,#5,#4
16 novembre 2017 Saison régulière,Milwaukee Bucks,99,95,Detroit Pistons,#6,#2
16 novembre 2017 Saison régulière,Minnesota Timberwolves,98,86,San Antonio Spurs,#4,#3
16 novembre 2017 Saison régulière,Memphis Grizzlies,113,116,Indiana Pacers,#7,#11
16 novembre 2017 Saison régulière,Oklahoma City Thunder,92,79,Chicago Bulls,#9,#14
16 novembre 2017 Saison régulière,Charlotte Hornets,107,115,Cleveland Cavaliers,#12,#9
16 novembre 2017 Saison régulière,Portland Trail Blazers,99,94,Orlando Magic,#8,#5
16 novembre 2017 Saison régulière,LA Lakers,109,115,Philadelphia 76ers,#11,#6
11 novembre 2017 Saison régulière,Detroit Pistons,111,104,Atlanta Hawks,#2,#15
15 novembre 2017 Saison régulière,Brooklyn Nets,102,109,Boston Celtics,#13,#1
11 novembre 2017 Saison régulière,Boston Celtics,90,87,Charlotte Hornets,#1,#8
11 novembre 2017 Saison régulière,Chicago Bulls,87,105,Indiana Pacers,#14,#10
11 novembre 2017 Saison régulière,Phoenix Suns,112,128,Orlando Magic,#13,#3
11 novembre 2017 Saison régulière,San Antonio Spurs,87,94,Milwaukee Bucks,#5,#12
15 novembre 2017 Saison régulière,Houston Rockets,113,129,Toronto Raptors,#1,#4
15 novembre 2017 Saison régulière,Dallas Mavericks,91,97,San Antonio Spurs,#15,#3
11 novembre 2017 Saison régulière,Utah Jazz,74,84,Miami Heat,#10,#8
11 novembre 2017 Saison régulière,Oklahoma City Thunder,120,111,LA Clippers,#12,#8
11 novembre 2017 Saison régulière,Portland Trail Blazers,97,101,Brooklyn Nets,#7,#13
10 novembre 2017 Saison régulière,Washington Wizards,111,95,LA Lakers,#7,#11
14 novembre 2017 Saison régulière,Washington Wizards,110,92,Sacramento Kings,#5,#14
10 novembre 2017 Saison régulière,Toronto Raptors,122,118,New Orleans Pelicans,#4,#7
10 novembre 2017 Saison régulière,Houston Rockets,117,113,Cleveland Cavaliers,#2,#8
10 novembre 2017 Saison régulière,Sacramento Kings,109,108,Philadelphia 76ers,#14,#5
10 novembre 2017 Saison régulière,Denver Nuggets,102,94,Oklahoma City Thunder,#8,#12
14 novembre 2017 Saison régulière,New York Knicks,101,104,Cleveland Cavaliers,#4,#9
14 novembre 2017 Saison régulière,New Orleans Pelicans,106,105,Atlanta Hawks,#7,#15
14 novembre 2017 Saison régulière,Milwaukee Bucks,110,103,Memphis Grizzlies,#7,#5
14 novembre 2017 Saison régulière,Phoenix Suns,93,100,LA Lakers,#13,#12
14 novembre 2017 Saison régulière,Utah Jazz,98,109,Minnesota Timberwolves,#9,#5
14 novembre 2017 Saison régulière,Portland Trail Blazers,99,82,Denver Nuggets,#8,#3
14 novembre 2017 Saison régulière,Golden State Warriors,110,100,Orlando Magic,#2,#3
14 novembre 2017 Saison régulière,LA Clippers,105,109,Philadelphia 76ers,#11,#7
8 novembre 2017 Saison régulière,Cleveland Cavaliers,124,119,Milwaukee Bucks,#12,#10
8 novembre 2017 Saison régulière,Indiana Pacers,112,117,New Orleans Pelicans,#8,#9
8 novembre 2017 Saison régulière,Washington Wizards,99,113,Dallas Mavericks,#4,#15
8 novembre 2017 Saison régulière,Toronto Raptors,119,114,Chicago Bulls,#5,#14
8 novembre 2017 Saison régulière,New York Knicks,118,113,Charlotte Hornets,#7,#8
8 novembre 2017 Saison régulière,San Antonio Spurs,120,107,LA Clippers,#5,#7
8 novembre 2017 Saison régulière,Denver Nuggets,112,104,Brooklyn Nets,#11,#11
8 novembre 2017 Saison régulière,Utah Jazz,97,104,Philadelphia 76ers,#8,#6
8 novembre 2017 Saison régulière,Portland Trail Blazers,97,98,Memphis Grizzlies,#5,#4
8 novembre 2017 Saison régulière,Sacramento Kings,94,86,Oklahoma City Thunder,#14,#12
7 novembre 2017 Saison régulière,Atlanta Hawks,107,110,Boston Celtics,#15,#1
7 novembre 2017 Saison régulière,Phoenix Suns,92,98,Brooklyn Nets,#13,#13
7 novembre 2017 Saison régulière,Golden State Warriors,97,80,Miami Heat,#2,#10
9 novembre 2017 Saison régulière,Detroit Pistons,114,97,Indiana Pacers,#2,#8
9 novembre 2017 Saison régulière,Orlando Magic,112,99,New York Knicks,#3,#5
9 novembre 2017 Saison régulière,Boston Celtics,107,96,LA Lakers,#1,#10
9 novembre 2017 Saison régulière,Phoenix Suns,115,126,Miami Heat,#13,#11
9 novembre 2017 Saison régulière,Golden State Warriors,125,101,Minnesota Timberwolves,#2,#3
6 novembre 2017 Saison régulière,Toronto Raptors,96,107,Washington Wizards,#4,#8
6 novembre 2017 Saison régulière,Orlando Magic,88,104,Boston Celtics,#3,#1
6 novembre 2017 Saison régulière,Houston Rockets,137,110,Utah Jazz,#1,#6
6 novembre 2017 Saison régulière,San Antonio Spurs,112,95,Phoenix Suns,#8,#13
6 novembre 2017 Saison régulière,New York Knicks,108,101,Indiana Pacers,#8,#6
6 novembre 2017 Saison régulière,Minnesota Timberwolves,112,94,Charlotte Hornets,#3,#7
6 novembre 2017 Saison régulière,Portland Trail Blazers,103,99,Oklahoma City Thunder,#7,#9
6 novembre 2017 Saison régulière,LA Lakers,107,102,Memphis Grizzlies,#12,#3
5 novembre 2017 Saison régulière,Detroit Pistons,108,99,Sacramento Kings,#2,#14
5 novembre 2017 Saison régulière,Chicago Bulls,90,96,New Orleans Pelicans,#14,#12
5 novembre 2017 Saison régulière,Minnesota Timberwolves,112,99,Dallas Mavericks,#4,#15
5 novembre 2017 Saison régulière,Denver Nuggets,108,127,Golden State Warriors,#7,#3
5 novembre 2017 Saison régulière,Cleveland Cavaliers,115,117,Atlanta Hawks,#10,#15
5 novembre 2017 Saison régulière,LA Clippers,101,104,Miami Heat,#5,#12
3 novembre 2017 Saison régulière,San Antonio Spurs,92,112,Golden State Warriors,#10,#2
3 novembre 2017 Saison régulière,Portland Trail Blazers,113,110,LA Lakers,#6,#13
2 novembre 2017 Saison régulière,Cleveland Cavaliers,107,124,Indiana Pacers,#8,#5
2 novembre 2017 Saison régulière,Philadelphia 76ers,119,109,Atlanta Hawks,#8,#13
2 novembre 2017 Saison régulière,Washington Wizards,116,122,Phoenix Suns,#8,#9
2 novembre 2017 Saison régulière,Charlotte Hornets,126,121,Milwaukee Bucks,#5,#5
2 novembre 2017 Saison régulière,Boston Celtics,113,86,Sacramento Kings,#2,#15
2 novembre 2017 Saison régulière,Miami Heat,97,91,Chicago Bulls,#13,#15
2 novembre 2017 Saison régulière,New Orleans Pelicans,98,104,Minnesota Timberwolves,#9,#4
2 novembre 2017 Saison régulière,New York Knicks,97,119,Houston Rockets,#12,#1
2 novembre 2017 Saison régulière,Memphis Grizzlies,99,101,Orlando Magic,#3,#2
2 novembre 2017 Saison régulière,Denver Nuggets,129,111,Toronto Raptors,#9,#8
2 novembre 2017 Saison régulière,Utah Jazz,112,103,Portland Trail Blazers,#5,#5
2 novembre 2017 Saison régulière,LA Clippers,119,98,Dallas Mavericks,#9,#14
4 novembre 2017 Saison régulière,Detroit Pistons,105,96,Milwaukee Bucks,#3,#8
4 novembre 2017 Saison régulière,Orlando Magic,83,105,Chicago Bulls,#1,#14
4 novembre 2017 Saison régulière,Philadelphia 76ers,121,110,Indiana Pacers,#8,#5
4 novembre 2017 Saison régulière,Washington Wizards,122,130,Cleveland Cavaliers,#6,#13
4 novembre 2017 Saison régulière,Atlanta Hawks,104,119,Houston Rockets,#15,#2
4 novembre 2017 Saison régulière,New York Knicks,120,107,Phoenix Suns,#10,#9
4 novembre 2017 Saison régulière,Dallas Mavericks,94,99,New Orleans Pelicans,#15,#12
4 novembre 2017 Saison régulière,San Antonio Spurs,108,101,Charlotte Hornets,#9,#4
4 novembre 2017 Saison régulière,Denver Nuggets,95,94,Miami Heat,#9,#10
4 novembre 2017 Saison régulière,Utah Jazz,100,109,Toronto Raptors,#5,#6
4 novembre 2017 Saison régulière,Oklahoma City Thunder,94,101,Boston Celtics,#7,#1
4 novembre 2017 Saison régulière,LA Lakers,124,112,Brooklyn Nets,#13,#12
4 novembre 2017 Saison régulière,LA Clippers,104,113,Memphis Grizzlies,#1,#5
1 novembre 2017 Saison régulière,Indiana Pacers,101,83,Sacramento Kings,#11,#15
1 novembre 2017 Saison régulière,Brooklyn Nets,114,122,Phoenix Suns,#5,#13
1 novembre 2017 Saison régulière,Milwaukee Bucks,91,110,Oklahoma City Thunder,#5,#11
1 novembre 2017 Saison régulière,LA Lakers,113,93,Detroit Pistons,#13,#1
