Status:,Data wpisu w aktualnej izbie na listę adwokatów:,Data skreślenia z listy:,Ostatnie miejsce wpisu:,Stary nr wpisu:,Zastępca:
Były adwokat,2013-09-01,2019-07-23,Katowice,1077,Pieprzyk Mirosław
Wykonujący zawód,2014-05-20,,,1193,
Status:,Data wpisu w aktualnej izbie na listę adwokatów:,Data skreślenia z listy:,Ostatnie miejsce wpisu:,Stary nr wpisu:,Zastępca:
Były adwokat,2013-09-01,2019-07-23,Katowice,1077,Pieprzyk Mirosław
Status:,Data wpisu w aktualnej izbie na listę adwokatów:,Data skreślenia z listy:,Ostatnie miejsce wpisu:,Stary nr wpisu:,Zastępca:
Były adwokat,2013-09-01,2019-07-23,Katowice,1077,Pieprzyk Mirosław
Status:,Data wpisu w aktualnej izbie na listę adwokatów:,Data skreślenia z listy:,Ostatnie miejsce wpisu:,Stary nr wpisu:,Zastępca:
Były adwokat,2013-09-01,2019-07-23,Katowice,1077,Pieprzyk Mirosław
Wykonujący zawód,2014-05-20,,,1193,
